subject,domain,typeoftrial,response,rt
LN8REBYY,college_majors,VFT_category_interest,32,4911
LN8REBYY,college_majors,VFT_estimate,15,3641
LN8REBYY,sportspersons,VFT_category_interest,0,4843
LN8REBYY,sportspersons,VFT_estimate,5,5983
LN8REBYY,authors,VFT_category_interest,19,7213
LN8REBYY,authors,VFT_estimate,10,4418
LN8REBYY,animals,VFT_category_interest,70,3553
LN8REBYY,animals,VFT_estimate,25,2564
LN8REBYY,musicians,VFT_category_interest,5,3690
LN8REBYY,musicians,VFT_estimate,15,2238
6D26ZXC8,animals,VFT_category_interest,100,5409
6D26ZXC8,animals,VFT_estimate,30,15420
6D26ZXC8,sportspersons,VFT_category_interest,0,5044
6D26ZXC8,sportspersons,VFT_estimate,5,5317
6D26ZXC8,musicians,VFT_category_interest,39,5157
6D26ZXC8,musicians,VFT_estimate,12,6931
6D26ZXC8,college_majors,VFT_category_interest,59,5854
6D26ZXC8,college_majors,VFT_estimate,15,4450
6D26ZXC8,authors,VFT_category_interest,33,4138
6D26ZXC8,authors,VFT_estimate,5,4058
KZ9S5MPC,musicians,VFT_category_interest,60,7999
KZ9S5MPC,musicians,VFT_estimate,15,8224
KZ9S5MPC,college_majors,VFT_category_interest,14,8240
KZ9S5MPC,college_majors,VFT_estimate,8,5799
KZ9S5MPC,authors,VFT_category_interest,4,5883
KZ9S5MPC,authors,VFT_estimate,4,9416
KZ9S5MPC,animals,VFT_category_interest,69,4279
KZ9S5MPC,animals,VFT_estimate,15,4691
KZ9S5MPC,sportspersons,VFT_category_interest,0,3201
KZ9S5MPC,sportspersons,VFT_estimate,3,5030
37UDZTHY,college_majors,VFT_category_interest,73,12877
37UDZTHY,college_majors,VFT_estimate,12,14005
37UDZTHY,animals,VFT_category_interest,78,8031
37UDZTHY,animals,VFT_estimate,15,5857
37UDZTHY,sportspersons,VFT_category_interest,75,6064
37UDZTHY,sportspersons,VFT_estimate,20,7108
37UDZTHY,authors,VFT_category_interest,41,5598
37UDZTHY,authors,VFT_estimate,8,8145
37UDZTHY,musicians,VFT_category_interest,34,5317
37UDZTHY,musicians,VFT_estimate,10,5684
FJYUEQN8,sportspersons,VFT_category_interest,0,5249
FJYUEQN8,sportspersons,VFT_estimate,12,8266
FJYUEQN8,animals,VFT_category_interest,24,4805
FJYUEQN8,animals,VFT_estimate,25,6960
FJYUEQN8,musicians,VFT_category_interest,64,5524
FJYUEQN8,musicians,VFT_estimate,20,9958
FJYUEQN8,college_majors,VFT_category_interest,67,6701
FJYUEQN8,college_majors,VFT_estimate,28,6397
FJYUEQN8,authors,VFT_category_interest,0,5364
FJYUEQN8,authors,VFT_estimate,10,6167
T6E9EPOZ,animals,VFT_category_interest,73,4229
T6E9EPOZ,animals,VFT_estimate,6,7750
T6E9EPOZ,sportspersons,VFT_category_interest,9,4080
T6E9EPOZ,sportspersons,VFT_estimate,1,4049
T6E9EPOZ,college_majors,VFT_category_interest,59,3864
T6E9EPOZ,college_majors,VFT_estimate,7,3481
T6E9EPOZ,authors,VFT_category_interest,89,3564
T6E9EPOZ,authors,VFT_estimate,5,2131
T6E9EPOZ,musicians,VFT_category_interest,65,3414
T6E9EPOZ,musicians,VFT_estimate,5,1714
ZHMH16C4,sportspersons,VFT_category_interest,22,9749
ZHMH16C4,sportspersons,VFT_estimate,20,10585
ZHMH16C4,college_majors,VFT_category_interest,59,16346
ZHMH16C4,college_majors,VFT_estimate,12,16046
ZHMH16C4,musicians,VFT_category_interest,73,10682
ZHMH16C4,musicians,VFT_estimate,12,7881
ZHMH16C4,authors,VFT_category_interest,79,6765
ZHMH16C4,authors,VFT_estimate,10,6683
ZHMH16C4,animals,VFT_category_interest,90,5978
ZHMH16C4,animals,VFT_estimate,10,6585
2BD455O0,college_majors,VFT_category_interest,26,12231
2BD455O0,college_majors,VFT_estimate,25,10350
2BD455O0,animals,VFT_category_interest,60,5582
2BD455O0,animals,VFT_estimate,20,10178
2BD455O0,sportspersons,VFT_category_interest,24,6697
2BD455O0,sportspersons,VFT_estimate,15,5086
2BD455O0,musicians,VFT_category_interest,66,4781
2BD455O0,musicians,VFT_estimate,15,4166
2BD455O0,authors,VFT_category_interest,50,5248
2BD455O0,authors,VFT_estimate,10,3285
S87Q76NA,animals,VFT_category_interest,64,4624
S87Q76NA,animals,VFT_estimate,40,16832
S87Q76NA,musicians,VFT_category_interest,31,3798
S87Q76NA,musicians,VFT_estimate,15,3161
S87Q76NA,authors,VFT_category_interest,15,8823
S87Q76NA,authors,VFT_estimate,10,2260
S87Q76NA,sportspersons,VFT_category_interest,88,4320
S87Q76NA,sportspersons,VFT_estimate,50,5428
S87Q76NA,college_majors,VFT_category_interest,78,4361
S87Q76NA,college_majors,VFT_estimate,15,7011
IEOJ1IW3,authors,VFT_category_interest,2,8094
IEOJ1IW3,authors,VFT_estimate,1,91244
IEOJ1IW3,college_majors,VFT_category_interest,14,146699
IEOJ1IW3,college_majors,VFT_estimate,6,67132
IEOJ1IW3,musicians,VFT_category_interest,51,22661
IEOJ1IW3,musicians,VFT_estimate,10,19870
IEOJ1IW3,animals,VFT_category_interest,52,53635
IEOJ1IW3,animals,VFT_estimate,7,27949
IEOJ1IW3,sportspersons,VFT_category_interest,3,13444
IEOJ1IW3,sportspersons,VFT_estimate,3,3638
O4NB1X6B,authors,VFT_category_interest,69,3746
O4NB1X6B,authors,VFT_estimate,0,8382
O4NB1X6B,musicians,VFT_category_interest,100,3782
O4NB1X6B,musicians,VFT_estimate,10,1983
O4NB1X6B,college_majors,VFT_category_interest,90,4214
O4NB1X6B,college_majors,VFT_estimate,10,2299
O4NB1X6B,animals,VFT_category_interest,100,3331
O4NB1X6B,animals,VFT_estimate,10,1915
O4NB1X6B,sportspersons,VFT_category_interest,72,26312
O4NB1X6B,sportspersons,VFT_estimate,10,3028
64LRAXDJ,musicians,VFT_category_interest,59,8630
64LRAXDJ,musicians,VFT_estimate,10,12964
64LRAXDJ,sportspersons,VFT_category_interest,0,12398
64LRAXDJ,sportspersons,VFT_estimate,3,6047
64LRAXDJ,authors,VFT_category_interest,18,16348
64LRAXDJ,authors,VFT_estimate,4,7847
64LRAXDJ,college_majors,VFT_category_interest,56,10582
64LRAXDJ,college_majors,VFT_estimate,12,4031
64LRAXDJ,animals,VFT_category_interest,81,9497
64LRAXDJ,animals,VFT_estimate,13,8516
DUBYYHYX,authors,VFT_category_interest,13,8176
DUBYYHYX,authors,VFT_estimate,7,17408
DUBYYHYX,musicians,VFT_category_interest,33,15332
DUBYYHYX,musicians,VFT_estimate,15,6554
DUBYYHYX,college_majors,VFT_category_interest,67,8545
DUBYYHYX,college_majors,VFT_estimate,15,6919
DUBYYHYX,animals,VFT_category_interest,37,4694
DUBYYHYX,animals,VFT_estimate,10,3903
DUBYYHYX,sportspersons,VFT_category_interest,0,4115
DUBYYHYX,sportspersons,VFT_estimate,2,4805
0GMT2ITP,animals,VFT_category_interest,83,4243
0GMT2ITP,animals,VFT_estimate,30,6056
0GMT2ITP,sportspersons,VFT_category_interest,8,12853
0GMT2ITP,sportspersons,VFT_estimate,5,2863
0GMT2ITP,college_majors,VFT_category_interest,32,3989
0GMT2ITP,college_majors,VFT_estimate,15,3465
0GMT2ITP,authors,VFT_category_interest,5,4469
0GMT2ITP,authors,VFT_estimate,5,2641
0GMT2ITP,musicians,VFT_category_interest,49,5046
0GMT2ITP,musicians,VFT_estimate,12,2906
TPWBA9PZ,college_majors,VFT_category_interest,87,4702
TPWBA9PZ,college_majors,VFT_estimate,10,10166
TPWBA9PZ,authors,VFT_category_interest,77,2915
TPWBA9PZ,authors,VFT_estimate,3,4091
TPWBA9PZ,musicians,VFT_category_interest,0,2664
TPWBA9PZ,musicians,VFT_estimate,3,4869
TPWBA9PZ,animals,VFT_category_interest,80,2567
TPWBA9PZ,animals,VFT_estimate,3,3199
TPWBA9PZ,sportspersons,VFT_category_interest,0,3238
TPWBA9PZ,sportspersons,VFT_estimate,1,2534
U7RW6MVC,college_majors,VFT_category_interest,51,7660
U7RW6MVC,college_majors,VFT_estimate,10,11369
U7RW6MVC,animals,VFT_category_interest,100,3004
U7RW6MVC,animals,VFT_estimate,30,6160
U7RW6MVC,authors,VFT_category_interest,100,4909
U7RW6MVC,authors,VFT_estimate,10,12322
U7RW6MVC,sportspersons,VFT_category_interest,20,4138
U7RW6MVC,sportspersons,VFT_estimate,8,5743
U7RW6MVC,musicians,VFT_category_interest,94,3121
U7RW6MVC,musicians,VFT_estimate,15,5579
56M8U5A5,musicians,VFT_category_interest,78,11252
56M8U5A5,musicians,VFT_estimate,25,8204
56M8U5A5,animals,VFT_category_interest,33,2913
56M8U5A5,animals,VFT_estimate,18,4975
56M8U5A5,sportspersons,VFT_category_interest,91,3382
56M8U5A5,sportspersons,VFT_estimate,20,5468
56M8U5A5,college_majors,VFT_category_interest,59,7607
56M8U5A5,college_majors,VFT_estimate,12,9047
56M8U5A5,authors,VFT_category_interest,29,4571
56M8U5A5,authors,VFT_estimate,4,9996
8JEQ20SU,sportspersons,VFT_category_interest,27,5257
8JEQ20SU,sportspersons,VFT_estimate,20,79117
8JEQ20SU,college_majors,VFT_category_interest,99,6244
8JEQ20SU,college_majors,VFT_estimate,10,24613
8JEQ20SU,musicians,VFT_category_interest,15,3491
8JEQ20SU,musicians,VFT_estimate,20,189271
8JEQ20SU,animals,VFT_category_interest,55,3993
8JEQ20SU,animals,VFT_estimate,15,6541
8JEQ20SU,authors,VFT_category_interest,50,3242
8JEQ20SU,authors,VFT_estimate,10,2847
K6LTYZJH,animals,VFT_category_interest,14,5948
K6LTYZJH,animals,VFT_estimate,15,10366
K6LTYZJH,authors,VFT_category_interest,61,7055
K6LTYZJH,authors,VFT_estimate,5,19271
K6LTYZJH,musicians,VFT_category_interest,91,3156
K6LTYZJH,musicians,VFT_estimate,20,2390
K6LTYZJH,sportspersons,VFT_category_interest,43,4527
K6LTYZJH,sportspersons,VFT_estimate,15,2874
K6LTYZJH,college_majors,VFT_category_interest,17,4277
K6LTYZJH,college_majors,VFT_estimate,10,2881
VNSY2V6A,college_majors,VFT_category_interest,50,5947
VNSY2V6A,college_majors,VFT_estimate,15,11700
VNSY2V6A,animals,VFT_category_interest,50,4805
VNSY2V6A,animals,VFT_estimate,20,4224
VNSY2V6A,musicians,VFT_category_interest,32,5404
VNSY2V6A,musicians,VFT_estimate,10,11142
VNSY2V6A,sportspersons,VFT_category_interest,2,5146
VNSY2V6A,sportspersons,VFT_estimate,6,2938
VNSY2V6A,authors,VFT_category_interest,66,3269
VNSY2V6A,authors,VFT_estimate,10,9727
XILQXDX5,sportspersons,VFT_category_interest,5,5348
XILQXDX5,sportspersons,VFT_estimate,10,10764
XILQXDX5,animals,VFT_category_interest,100,3568
XILQXDX5,animals,VFT_estimate,30,3916
XILQXDX5,musicians,VFT_category_interest,63,11747
XILQXDX5,musicians,VFT_estimate,20,9097
XILQXDX5,authors,VFT_category_interest,57,3448
XILQXDX5,authors,VFT_estimate,10,2230
XILQXDX5,college_majors,VFT_category_interest,60,3148
XILQXDX5,college_majors,VFT_estimate,15,4214
JEW0DH9D,college_majors,VFT_category_interest,78,4651
JEW0DH9D,college_majors,VFT_estimate,10,9479
JEW0DH9D,musicians,VFT_category_interest,38,3661
JEW0DH9D,musicians,VFT_estimate,6,5591
JEW0DH9D,authors,VFT_category_interest,44,4895
JEW0DH9D,authors,VFT_estimate,3,39979
JEW0DH9D,animals,VFT_category_interest,67,2496
JEW0DH9D,animals,VFT_estimate,8,3303
JEW0DH9D,sportspersons,VFT_category_interest,7,3898
JEW0DH9D,sportspersons,VFT_estimate,1,3804
6XD6NVVO,college_majors,VFT_category_interest,68,11791
6XD6NVVO,college_majors,VFT_estimate,20,13353
6XD6NVVO,sportspersons,VFT_category_interest,5,7335
6XD6NVVO,sportspersons,VFT_estimate,3,15385
6XD6NVVO,authors,VFT_category_interest,82,70366
6XD6NVVO,authors,VFT_estimate,10,6086
6XD6NVVO,musicians,VFT_category_interest,68,13068
6XD6NVVO,musicians,VFT_estimate,7,5304
6XD6NVVO,animals,VFT_category_interest,70,5690
6XD6NVVO,animals,VFT_estimate,7,10824
J8N7DCDH,musicians,VFT_category_interest,90,5859
J8N7DCDH,musicians,VFT_estimate,20,11260
J8N7DCDH,sportspersons,VFT_category_interest,0,3373
J8N7DCDH,sportspersons,VFT_estimate,0,2036
J8N7DCDH,college_majors,VFT_category_interest,71,4395
J8N7DCDH,college_majors,VFT_estimate,10,2551
J8N7DCDH,animals,VFT_category_interest,91,8534
J8N7DCDH,animals,VFT_estimate,15,4450
J8N7DCDH,authors,VFT_category_interest,83,4812
J8N7DCDH,authors,VFT_estimate,2,9106
73N2RQWR,college_majors,VFT_category_interest,20,5899
73N2RQWR,college_majors,VFT_estimate,15,5184
73N2RQWR,sportspersons,VFT_category_interest,39,6877
73N2RQWR,sportspersons,VFT_estimate,10,2395
73N2RQWR,musicians,VFT_category_interest,51,7027
73N2RQWR,musicians,VFT_estimate,15,3113
73N2RQWR,animals,VFT_category_interest,100,7657
73N2RQWR,animals,VFT_estimate,10,3995
73N2RQWR,authors,VFT_category_interest,54,25807
73N2RQWR,authors,VFT_estimate,10,3046
U2N1A8VX,musicians,VFT_category_interest,72,5113
U2N1A8VX,musicians,VFT_estimate,15,6913
U2N1A8VX,animals,VFT_category_interest,65,3231
U2N1A8VX,animals,VFT_estimate,10,3414
U2N1A8VX,authors,VFT_category_interest,37,6481
U2N1A8VX,authors,VFT_estimate,8,5197
U2N1A8VX,college_majors,VFT_category_interest,58,5031
U2N1A8VX,college_majors,VFT_estimate,15,3080
U2N1A8VX,sportspersons,VFT_category_interest,22,4731
U2N1A8VX,sportspersons,VFT_estimate,10,3347
Q3MFUDV9,sportspersons,VFT_category_interest,75,6401
Q3MFUDV9,sportspersons,VFT_estimate,20,14613
Q3MFUDV9,animals,VFT_category_interest,57,4431
Q3MFUDV9,animals,VFT_estimate,15,4467
Q3MFUDV9,authors,VFT_category_interest,43,3247
Q3MFUDV9,authors,VFT_estimate,10,2179
Q3MFUDV9,college_majors,VFT_category_interest,19,4031
Q3MFUDV9,college_majors,VFT_estimate,12,2644
Q3MFUDV9,musicians,VFT_category_interest,54,64564
Q3MFUDV9,musicians,VFT_estimate,10,5592
HCBTBYHS,musicians,VFT_category_interest,58,5645
HCBTBYHS,musicians,VFT_estimate,25,9918
HCBTBYHS,animals,VFT_category_interest,73,3662
HCBTBYHS,animals,VFT_estimate,30,3317
HCBTBYHS,college_majors,VFT_category_interest,56,3206
HCBTBYHS,college_majors,VFT_estimate,20,1896
HCBTBYHS,authors,VFT_category_interest,33,7316
HCBTBYHS,authors,VFT_estimate,15,2130
HCBTBYHS,sportspersons,VFT_category_interest,27,6068
HCBTBYHS,sportspersons,VFT_estimate,12,2752
8BL6X7AX,musicians,VFT_category_interest,61,4655
8BL6X7AX,musicians,VFT_estimate,5,4231
8BL6X7AX,college_majors,VFT_category_interest,48,5157
8BL6X7AX,college_majors,VFT_estimate,10,9510
8BL6X7AX,authors,VFT_category_interest,51,4203
8BL6X7AX,authors,VFT_estimate,2,2189
8BL6X7AX,animals,VFT_category_interest,63,4907
8BL6X7AX,animals,VFT_estimate,11,2900
8BL6X7AX,sportspersons,VFT_category_interest,50,1919
8BL6X7AX,sportspersons,VFT_estimate,1,2113
YVQX6LL1,college_majors,VFT_category_interest,76,6851
YVQX6LL1,college_majors,VFT_estimate,15,11631
YVQX6LL1,animals,VFT_category_interest,60,4098
YVQX6LL1,animals,VFT_estimate,10,5321
YVQX6LL1,musicians,VFT_category_interest,12,4106
YVQX6LL1,musicians,VFT_estimate,5,3418
YVQX6LL1,sportspersons,VFT_category_interest,10,3206
YVQX6LL1,sportspersons,VFT_estimate,2,9227
YVQX6LL1,authors,VFT_category_interest,38,7130
YVQX6LL1,authors,VFT_estimate,3,3207
AWO2EA8Q,college_majors,VFT_category_interest,74,3812
AWO2EA8Q,college_majors,VFT_estimate,20,3877
AWO2EA8Q,animals,VFT_category_interest,26,2883
AWO2EA8Q,animals,VFT_estimate,15,2008
AWO2EA8Q,sportspersons,VFT_category_interest,1,3009
AWO2EA8Q,sportspersons,VFT_estimate,5,2973
AWO2EA8Q,musicians,VFT_category_interest,9,2914
AWO2EA8Q,musicians,VFT_estimate,5,2580
AWO2EA8Q,authors,VFT_category_interest,8,3290
AWO2EA8Q,authors,VFT_estimate,5,2046
XAA8CS8F,sportspersons,VFT_category_interest,76,20051
XAA8CS8F,sportspersons,VFT_estimate,15,11697
XAA8CS8F,musicians,VFT_category_interest,44,6448
XAA8CS8F,musicians,VFT_estimate,10,2285
XAA8CS8F,college_majors,VFT_category_interest,39,8964
XAA8CS8F,college_majors,VFT_estimate,10,6115
XAA8CS8F,authors,VFT_category_interest,53,8515
XAA8CS8F,authors,VFT_estimate,6,6783
XAA8CS8F,animals,VFT_category_interest,55,4164
XAA8CS8F,animals,VFT_estimate,15,5331
GNLFFB4P,musicians,VFT_category_interest,43,5030
GNLFFB4P,musicians,VFT_estimate,20,19214
GNLFFB4P,animals,VFT_category_interest,71,7631
GNLFFB4P,animals,VFT_estimate,18,8008
GNLFFB4P,authors,VFT_category_interest,29,59631
GNLFFB4P,authors,VFT_estimate,11,4849
GNLFFB4P,college_majors,VFT_category_interest,68,3631
GNLFFB4P,college_majors,VFT_estimate,15,2416
GNLFFB4P,sportspersons,VFT_category_interest,69,7764
GNLFFB4P,sportspersons,VFT_estimate,16,8579
U4TQC9J3,musicians,VFT_category_interest,65,3866
U4TQC9J3,musicians,VFT_estimate,20,7519
U4TQC9J3,authors,VFT_category_interest,62,2753
U4TQC9J3,authors,VFT_estimate,15,4591
U4TQC9J3,sportspersons,VFT_category_interest,32,3998
U4TQC9J3,sportspersons,VFT_estimate,5,7793
U4TQC9J3,animals,VFT_category_interest,61,2419
U4TQC9J3,animals,VFT_estimate,20,2037
U4TQC9J3,college_majors,VFT_category_interest,40,3607
U4TQC9J3,college_majors,VFT_estimate,20,3420
NXGNLGFN,sportspersons,VFT_category_interest,56,6032
NXGNLGFN,sportspersons,VFT_estimate,20,4486
NXGNLGFN,college_majors,VFT_category_interest,44,5649
NXGNLGFN,college_majors,VFT_estimate,20,2792
NXGNLGFN,musicians,VFT_category_interest,30,3015
NXGNLGFN,musicians,VFT_estimate,10,1946
NXGNLGFN,animals,VFT_category_interest,38,2497
NXGNLGFN,animals,VFT_estimate,20,1208
NXGNLGFN,authors,VFT_category_interest,25,4166
NXGNLGFN,authors,VFT_estimate,10,818
W6Z3Y3K6,authors,VFT_category_interest,4,6547
W6Z3Y3K6,authors,VFT_estimate,10,13981
W6Z3Y3K6,musicians,VFT_category_interest,78,7314
W6Z3Y3K6,musicians,VFT_estimate,20,1922
W6Z3Y3K6,college_majors,VFT_category_interest,28,4998
W6Z3Y3K6,college_majors,VFT_estimate,25,3380
W6Z3Y3K6,animals,VFT_category_interest,34,3080
W6Z3Y3K6,animals,VFT_estimate,20,1730
W6Z3Y3K6,sportspersons,VFT_category_interest,0,6682
W6Z3Y3K6,sportspersons,VFT_estimate,5,4930
NHCBLFL1,animals,VFT_category_interest,56,4950
NHCBLFL1,animals,VFT_estimate,20,4036
NHCBLFL1,college_majors,VFT_category_interest,55,3581
NHCBLFL1,college_majors,VFT_estimate,13,11784
NHCBLFL1,sportspersons,VFT_category_interest,35,4265
NHCBLFL1,sportspersons,VFT_estimate,5,5200
NHCBLFL1,authors,VFT_category_interest,64,2901
NHCBLFL1,authors,VFT_estimate,6,2533
NHCBLFL1,musicians,VFT_category_interest,61,6014
NHCBLFL1,musicians,VFT_estimate,8,1911
9O2ABUMY,sportspersons,VFT_category_interest,11,12347
9O2ABUMY,sportspersons,VFT_estimate,8,86263
9O2ABUMY,musicians,VFT_category_interest,74,13680
9O2ABUMY,musicians,VFT_estimate,7,33984
9O2ABUMY,college_majors,VFT_category_interest,60,7033
9O2ABUMY,college_majors,VFT_estimate,6,5150
9O2ABUMY,authors,VFT_category_interest,15,8632
9O2ABUMY,authors,VFT_estimate,6,35783
9O2ABUMY,animals,VFT_category_interest,75,5249
9O2ABUMY,animals,VFT_estimate,10,6227
XJF7RLTQ,sportspersons,VFT_category_interest,11,9113
XJF7RLTQ,sportspersons,VFT_estimate,3,13271
XJF7RLTQ,musicians,VFT_category_interest,50,10097
XJF7RLTQ,musicians,VFT_estimate,2,2946
XJF7RLTQ,animals,VFT_category_interest,50,6454
XJF7RLTQ,animals,VFT_estimate,10,4689
XJF7RLTQ,authors,VFT_category_interest,50,4539
XJF7RLTQ,authors,VFT_estimate,0,3247
XJF7RLTQ,college_majors,VFT_category_interest,75,4627
XJF7RLTQ,college_majors,VFT_estimate,7,4645
CI6QQA2Y,sportspersons,VFT_category_interest,50,5172
CI6QQA2Y,sportspersons,VFT_estimate,15,12808
CI6QQA2Y,animals,VFT_category_interest,75,5179
CI6QQA2Y,animals,VFT_estimate,15,4578
CI6QQA2Y,college_majors,VFT_category_interest,40,6986
CI6QQA2Y,college_majors,VFT_estimate,10,3070
CI6QQA2Y,authors,VFT_category_interest,18,6323
CI6QQA2Y,authors,VFT_estimate,4,4592
CI6QQA2Y,musicians,VFT_category_interest,59,5370
CI6QQA2Y,musicians,VFT_estimate,10,6604
5K82MZW1,authors,VFT_category_interest,30,14182
5K82MZW1,authors,VFT_estimate,15,13208
5K82MZW1,sportspersons,VFT_category_interest,0,2815
5K82MZW1,sportspersons,VFT_estimate,15,6244
5K82MZW1,animals,VFT_category_interest,53,6147
5K82MZW1,animals,VFT_estimate,25,3824
5K82MZW1,college_majors,VFT_category_interest,58,3264
5K82MZW1,college_majors,VFT_estimate,20,4482
5K82MZW1,musicians,VFT_category_interest,42,2991
5K82MZW1,musicians,VFT_estimate,15,2142
0PRAW6DO,college_majors,VFT_category_interest,60,7613
0PRAW6DO,college_majors,VFT_estimate,20,9063
0PRAW6DO,sportspersons,VFT_category_interest,9,16264
0PRAW6DO,sportspersons,VFT_estimate,3,16214
0PRAW6DO,musicians,VFT_category_interest,75,7414
0PRAW6DO,musicians,VFT_estimate,10,10448
0PRAW6DO,authors,VFT_category_interest,52,35482
0PRAW6DO,authors,VFT_estimate,10,4517
0PRAW6DO,animals,VFT_category_interest,56,8580
0PRAW6DO,animals,VFT_estimate,10,2729
LUKGQM9Q,sportspersons,VFT_category_interest,0,7811
LUKGQM9Q,sportspersons,VFT_estimate,1,12693
LUKGQM9Q,college_majors,VFT_category_interest,82,7316
LUKGQM9Q,college_majors,VFT_estimate,20,8015
LUKGQM9Q,authors,VFT_category_interest,13,4873
LUKGQM9Q,authors,VFT_estimate,3,5416
LUKGQM9Q,animals,VFT_category_interest,77,3490
LUKGQM9Q,animals,VFT_estimate,20,3395
LUKGQM9Q,musicians,VFT_category_interest,14,3141
LUKGQM9Q,musicians,VFT_estimate,2,107464
YP5UHRSA,authors,VFT_category_interest,1,6430
YP5UHRSA,authors,VFT_estimate,10,4752
YP5UHRSA,college_majors,VFT_category_interest,59,3350
YP5UHRSA,college_majors,VFT_estimate,15,3251
YP5UHRSA,sportspersons,VFT_category_interest,6,4147
YP5UHRSA,sportspersons,VFT_estimate,15,3161
YP5UHRSA,animals,VFT_category_interest,57,2566
YP5UHRSA,animals,VFT_estimate,25,2651
YP5UHRSA,musicians,VFT_category_interest,32,3214
YP5UHRSA,musicians,VFT_estimate,20,3150
YMQ1DC06,animals,VFT_category_interest,70,34817
YMQ1DC06,animals,VFT_estimate,10,6406
YMQ1DC06,college_majors,VFT_category_interest,73,46143
YMQ1DC06,college_majors,VFT_estimate,15,23835
YMQ1DC06,authors,VFT_category_interest,77,37181
YMQ1DC06,authors,VFT_estimate,10,8563
YMQ1DC06,sportspersons,VFT_category_interest,36,4965
YMQ1DC06,sportspersons,VFT_estimate,5,12186
YMQ1DC06,musicians,VFT_category_interest,75,31635
YMQ1DC06,musicians,VFT_estimate,10,3731
0QPSDFM3,college_majors,VFT_category_interest,75,5317
0QPSDFM3,college_majors,VFT_estimate,15,6945
0QPSDFM3,authors,VFT_category_interest,39,3177
0QPSDFM3,authors,VFT_estimate,10,8924
0QPSDFM3,sportspersons,VFT_category_interest,83,3403
0QPSDFM3,sportspersons,VFT_estimate,20,4008
0QPSDFM3,animals,VFT_category_interest,73,4898
0QPSDFM3,animals,VFT_estimate,15,2432
0QPSDFM3,musicians,VFT_category_interest,25,22530
0QPSDFM3,musicians,VFT_estimate,7,3349
ZYQ1C8LT,animals,VFT_category_interest,65,4426
ZYQ1C8LT,animals,VFT_estimate,15,6495
ZYQ1C8LT,sportspersons,VFT_category_interest,8,3295
ZYQ1C8LT,sportspersons,VFT_estimate,10,2398
ZYQ1C8LT,college_majors,VFT_category_interest,74,3664
ZYQ1C8LT,college_majors,VFT_estimate,20,2493
ZYQ1C8LT,musicians,VFT_category_interest,23,2811
ZYQ1C8LT,musicians,VFT_estimate,10,3034
ZYQ1C8LT,authors,VFT_category_interest,4,3294
ZYQ1C8LT,authors,VFT_estimate,5,2570
YQ5FHGIU,animals,VFT_category_interest,71,4156
YQ5FHGIU,animals,VFT_estimate,20,5244
YQ5FHGIU,musicians,VFT_category_interest,50,5181
YQ5FHGIU,musicians,VFT_estimate,10,2069
YQ5FHGIU,sportspersons,VFT_category_interest,0,2081
YQ5FHGIU,sportspersons,VFT_estimate,3,3177
YQ5FHGIU,authors,VFT_category_interest,58,2490
YQ5FHGIU,authors,VFT_estimate,5,3620
YQ5FHGIU,college_majors,VFT_category_interest,93,2936
YQ5FHGIU,college_majors,VFT_estimate,20,2340
EA8GWQDV,college_majors,VFT_category_interest,60,8830
EA8GWQDV,college_majors,VFT_estimate,25,10247
EA8GWQDV,animals,VFT_category_interest,65,2296
EA8GWQDV,animals,VFT_estimate,20,7587
EA8GWQDV,musicians,VFT_category_interest,81,2898
EA8GWQDV,musicians,VFT_estimate,15,6139
EA8GWQDV,sportspersons,VFT_category_interest,35,7299
EA8GWQDV,sportspersons,VFT_estimate,10,1840
EA8GWQDV,authors,VFT_category_interest,58,3598
EA8GWQDV,authors,VFT_estimate,10,2111
JIMIPV7S,authors,VFT_category_interest,51,7528
JIMIPV7S,authors,VFT_estimate,12,8308
JIMIPV7S,college_majors,VFT_category_interest,59,8940
JIMIPV7S,college_majors,VFT_estimate,15,5952
JIMIPV7S,animals,VFT_category_interest,75,3730
JIMIPV7S,animals,VFT_estimate,25,7702
JIMIPV7S,sportspersons,VFT_category_interest,16,6996
JIMIPV7S,sportspersons,VFT_estimate,13,8119
JIMIPV7S,musicians,VFT_category_interest,65,4448
JIMIPV7S,musicians,VFT_estimate,16,9528
A5YUTA1F,college_majors,VFT_category_interest,65,7518
A5YUTA1F,college_majors,VFT_estimate,15,14084
A5YUTA1F,animals,VFT_category_interest,78,7606
A5YUTA1F,animals,VFT_estimate,30,5105
A5YUTA1F,musicians,VFT_category_interest,23,7442
A5YUTA1F,musicians,VFT_estimate,13,11844
A5YUTA1F,sportspersons,VFT_category_interest,0,4534
A5YUTA1F,sportspersons,VFT_estimate,5,7991
A5YUTA1F,authors,VFT_category_interest,42,4073
A5YUTA1F,authors,VFT_estimate,10,3852
XI93MR3J,musicians,VFT_category_interest,24,6515
XI93MR3J,musicians,VFT_estimate,6,7621
XI93MR3J,college_majors,VFT_category_interest,60,3144
XI93MR3J,college_majors,VFT_estimate,10,2857
XI93MR3J,animals,VFT_category_interest,63,2896
XI93MR3J,animals,VFT_estimate,15,3935
XI93MR3J,sportspersons,VFT_category_interest,0,4764
XI93MR3J,sportspersons,VFT_estimate,1,10094
XI93MR3J,authors,VFT_category_interest,11,2678
XI93MR3J,authors,VFT_estimate,3,2335
KMXD4OZC,authors,VFT_category_interest,67,6830
KMXD4OZC,authors,VFT_estimate,7,17635
KMXD4OZC,musicians,VFT_category_interest,88,3962
KMXD4OZC,musicians,VFT_estimate,10,28298
KMXD4OZC,college_majors,VFT_category_interest,48,3631
KMXD4OZC,college_majors,VFT_estimate,10,2196
KMXD4OZC,sportspersons,VFT_category_interest,23,4548
KMXD4OZC,sportspersons,VFT_estimate,5,1767
KMXD4OZC,animals,VFT_category_interest,68,2948
KMXD4OZC,animals,VFT_estimate,10,1993
VNHTSXTP,animals,VFT_category_interest,58,13600
VNHTSXTP,animals,VFT_estimate,25,8798
VNHTSXTP,musicians,VFT_category_interest,9,17096
VNHTSXTP,musicians,VFT_estimate,8,8680
VNHTSXTP,authors,VFT_category_interest,60,10283
VNHTSXTP,authors,VFT_estimate,17,3547
VNHTSXTP,college_majors,VFT_category_interest,78,12337
VNHTSXTP,college_majors,VFT_estimate,27,11291
VNHTSXTP,sportspersons,VFT_category_interest,0,4003
VNHTSXTP,sportspersons,VFT_estimate,3,3798
IRFHWRXF,authors,VFT_category_interest,100,4406
IRFHWRXF,authors,VFT_estimate,20,2827
IRFHWRXF,sportspersons,VFT_category_interest,0,5218
IRFHWRXF,sportspersons,VFT_estimate,2,6210
IRFHWRXF,college_majors,VFT_category_interest,76,4048
IRFHWRXF,college_majors,VFT_estimate,10,2730
IRFHWRXF,musicians,VFT_category_interest,69,3018
IRFHWRXF,musicians,VFT_estimate,10,2075
IRFHWRXF,animals,VFT_category_interest,100,2198
IRFHWRXF,animals,VFT_estimate,20,5574
LJSMGNV0,animals,VFT_category_interest,71,6641
LJSMGNV0,animals,VFT_estimate,30,10601
LJSMGNV0,authors,VFT_category_interest,76,5816
LJSMGNV0,authors,VFT_estimate,16,23978
LJSMGNV0,musicians,VFT_category_interest,86,3354
LJSMGNV0,musicians,VFT_estimate,15,5813
LJSMGNV0,college_majors,VFT_category_interest,57,3694
LJSMGNV0,college_majors,VFT_estimate,20,5088
LJSMGNV0,sportspersons,VFT_category_interest,0,4031
LJSMGNV0,sportspersons,VFT_estimate,3,19123
NZ8ZTZHG,college_majors,VFT_category_interest,97,39311
NZ8ZTZHG,college_majors,VFT_estimate,10,21202
NZ8ZTZHG,musicians,VFT_category_interest,17,30220
NZ8ZTZHG,musicians,VFT_estimate,8,15193
NZ8ZTZHG,authors,VFT_category_interest,32,160472
NZ8ZTZHG,authors,VFT_estimate,7,7336
NZ8ZTZHG,sportspersons,VFT_category_interest,47,97783
NZ8ZTZHG,sportspersons,VFT_estimate,7,12306
NZ8ZTZHG,animals,VFT_category_interest,69,19335
NZ8ZTZHG,animals,VFT_estimate,9,14618
8PAKX1OM,sportspersons,VFT_category_interest,0,5973
8PAKX1OM,sportspersons,VFT_estimate,0,11789
8PAKX1OM,musicians,VFT_category_interest,46,10069
8PAKX1OM,musicians,VFT_estimate,10,2891
8PAKX1OM,authors,VFT_category_interest,52,6347
8PAKX1OM,authors,VFT_estimate,3,3900
8PAKX1OM,animals,VFT_category_interest,100,3282
8PAKX1OM,animals,VFT_estimate,20,2977
8PAKX1OM,college_majors,VFT_category_interest,35,6283
8PAKX1OM,college_majors,VFT_estimate,10,5143
RS0Z27EB,animals,VFT_category_interest,69,7694
RS0Z27EB,animals,VFT_estimate,35,16051
RS0Z27EB,sportspersons,VFT_category_interest,0,5446
RS0Z27EB,sportspersons,VFT_estimate,5,5224
RS0Z27EB,musicians,VFT_category_interest,55,5330
RS0Z27EB,musicians,VFT_estimate,15,5561
RS0Z27EB,authors,VFT_category_interest,20,4415
RS0Z27EB,authors,VFT_estimate,7,7719
RS0Z27EB,college_majors,VFT_category_interest,34,4814
RS0Z27EB,college_majors,VFT_estimate,15,3556
Y0GQPG0K,college_majors,VFT_category_interest,60,6859
Y0GQPG0K,college_majors,VFT_estimate,12,5379
Y0GQPG0K,animals,VFT_category_interest,62,3102
Y0GQPG0K,animals,VFT_estimate,25,3144
Y0GQPG0K,sportspersons,VFT_category_interest,16,3059
Y0GQPG0K,sportspersons,VFT_estimate,5,2289
Y0GQPG0K,musicians,VFT_category_interest,64,3651
Y0GQPG0K,musicians,VFT_estimate,10,2742
Y0GQPG0K,authors,VFT_category_interest,92,2571
Y0GQPG0K,authors,VFT_estimate,15,4702
OEQ7A3BW,authors,VFT_category_interest,41,12780
OEQ7A3BW,authors,VFT_estimate,6,6516
OEQ7A3BW,musicians,VFT_category_interest,75,7030
OEQ7A3BW,musicians,VFT_estimate,10,5533
OEQ7A3BW,animals,VFT_category_interest,73,7615
OEQ7A3BW,animals,VFT_estimate,10,3134
OEQ7A3BW,college_majors,VFT_category_interest,60,5166
OEQ7A3BW,college_majors,VFT_estimate,10,4211
OEQ7A3BW,sportspersons,VFT_category_interest,17,4388
OEQ7A3BW,sportspersons,VFT_estimate,5,2310
20ISZCV2,sportspersons,VFT_category_interest,0,5482
20ISZCV2,sportspersons,VFT_estimate,14,7228
20ISZCV2,musicians,VFT_category_interest,85,2865
20ISZCV2,musicians,VFT_estimate,14,3527
20ISZCV2,college_majors,VFT_category_interest,93,4263
20ISZCV2,college_majors,VFT_estimate,20,5101
20ISZCV2,animals,VFT_category_interest,97,1711
20ISZCV2,animals,VFT_estimate,20,2782
20ISZCV2,authors,VFT_category_interest,27,2420
20ISZCV2,authors,VFT_estimate,7,3694
9KZ4Q91O,college_majors,VFT_category_interest,59,10239
9KZ4Q91O,college_majors,VFT_estimate,30,9966
9KZ4Q91O,musicians,VFT_category_interest,29,3463
9KZ4Q91O,musicians,VFT_estimate,15,3262
9KZ4Q91O,animals,VFT_category_interest,75,7920
9KZ4Q91O,animals,VFT_estimate,20,3557
9KZ4Q91O,authors,VFT_category_interest,61,14153
9KZ4Q91O,authors,VFT_estimate,13,4968
9KZ4Q91O,sportspersons,VFT_category_interest,6,3224
9KZ4Q91O,sportspersons,VFT_estimate,2,2053
N9V0QKO1,animals,VFT_category_interest,50,6732
N9V0QKO1,animals,VFT_estimate,10,5291
N9V0QKO1,musicians,VFT_category_interest,44,3947
N9V0QKO1,musicians,VFT_estimate,12,4170
N9V0QKO1,sportspersons,VFT_category_interest,0,4178
N9V0QKO1,sportspersons,VFT_estimate,2,4032
N9V0QKO1,authors,VFT_category_interest,70,3582
N9V0QKO1,authors,VFT_estimate,11,4092
N9V0QKO1,college_majors,VFT_category_interest,43,6866
N9V0QKO1,college_majors,VFT_estimate,9,4519
8ZC5BFHF,animals,VFT_category_interest,75,4031
8ZC5BFHF,animals,VFT_estimate,17,7407
8ZC5BFHF,authors,VFT_category_interest,50,7665
8ZC5BFHF,authors,VFT_estimate,12,7236
8ZC5BFHF,musicians,VFT_category_interest,66,4157
8ZC5BFHF,musicians,VFT_estimate,17,7166
8ZC5BFHF,college_majors,VFT_category_interest,49,6302
8ZC5BFHF,college_majors,VFT_estimate,16,14874
8ZC5BFHF,sportspersons,VFT_category_interest,28,7269
8ZC5BFHF,sportspersons,VFT_estimate,10,4128
476LZI3N,college_majors,VFT_category_interest,73,9471
476LZI3N,college_majors,VFT_estimate,7,6801
476LZI3N,musicians,VFT_category_interest,75,7539
476LZI3N,musicians,VFT_estimate,10,1955
476LZI3N,authors,VFT_category_interest,11,13470
476LZI3N,authors,VFT_estimate,3,4077
476LZI3N,sportspersons,VFT_category_interest,7,66328
476LZI3N,sportspersons,VFT_estimate,4,7121
476LZI3N,animals,VFT_category_interest,72,3991
476LZI3N,animals,VFT_estimate,8,4581
AJVNZ9CE,animals,VFT_category_interest,49,9523
AJVNZ9CE,animals,VFT_estimate,30,8223
AJVNZ9CE,college_majors,VFT_category_interest,70,4015
AJVNZ9CE,college_majors,VFT_estimate,15,4642
AJVNZ9CE,sportspersons,VFT_category_interest,11,5527
AJVNZ9CE,sportspersons,VFT_estimate,5,3374
AJVNZ9CE,authors,VFT_category_interest,2,6408
AJVNZ9CE,authors,VFT_estimate,5,6890
AJVNZ9CE,musicians,VFT_category_interest,71,3999
AJVNZ9CE,musicians,VFT_estimate,20,5074
PBNU471N,college_majors,VFT_category_interest,77,7797
PBNU471N,college_majors,VFT_estimate,8,10190
PBNU471N,sportspersons,VFT_category_interest,80,5227
PBNU471N,sportspersons,VFT_estimate,10,7390
PBNU471N,authors,VFT_category_interest,3,8206
PBNU471N,authors,VFT_estimate,2,7210
PBNU471N,animals,VFT_category_interest,65,8531
PBNU471N,animals,VFT_estimate,10,66355
PBNU471N,musicians,VFT_category_interest,54,6858
PBNU471N,musicians,VFT_estimate,5,6953
RLHDN7YZ,authors,VFT_category_interest,55,4947
RLHDN7YZ,authors,VFT_estimate,5,3076
RLHDN7YZ,musicians,VFT_category_interest,40,3756
RLHDN7YZ,musicians,VFT_estimate,5,4546
RLHDN7YZ,sportspersons,VFT_category_interest,0,20865
RLHDN7YZ,sportspersons,VFT_estimate,0,3819
RLHDN7YZ,animals,VFT_category_interest,53,4631
RLHDN7YZ,animals,VFT_estimate,5,1784
RLHDN7YZ,college_majors,VFT_category_interest,37,3898
RLHDN7YZ,college_majors,VFT_estimate,5,1559
XV9JV4CP,animals,VFT_category_interest,64,5579
XV9JV4CP,animals,VFT_estimate,15,5551
XV9JV4CP,sportspersons,VFT_category_interest,8,7097
XV9JV4CP,sportspersons,VFT_estimate,5,2986
XV9JV4CP,authors,VFT_category_interest,11,3511
XV9JV4CP,authors,VFT_estimate,3,6669
XV9JV4CP,college_majors,VFT_category_interest,69,3580
XV9JV4CP,college_majors,VFT_estimate,10,3555
XV9JV4CP,musicians,VFT_category_interest,70,9463
XV9JV4CP,musicians,VFT_estimate,8,3901
PLW1S0CA,musicians,VFT_category_interest,18,6924
PLW1S0CA,musicians,VFT_estimate,10,11990
PLW1S0CA,college_majors,VFT_category_interest,24,6477
PLW1S0CA,college_majors,VFT_estimate,8,13082
PLW1S0CA,animals,VFT_category_interest,50,5431
PLW1S0CA,animals,VFT_estimate,20,9794
PLW1S0CA,authors,VFT_category_interest,75,5990
PLW1S0CA,authors,VFT_estimate,10,3536
PLW1S0CA,sportspersons,VFT_category_interest,16,5311
PLW1S0CA,sportspersons,VFT_estimate,10,3781
WU4Q5VLP,musicians,VFT_category_interest,20,5122
WU4Q5VLP,musicians,VFT_estimate,25,7819
WU4Q5VLP,animals,VFT_category_interest,10,5144
WU4Q5VLP,animals,VFT_estimate,20,51319
WU4Q5VLP,college_majors,VFT_category_interest,66,7474
WU4Q5VLP,college_majors,VFT_estimate,10,38975
WU4Q5VLP,sportspersons,VFT_category_interest,2,10907
WU4Q5VLP,sportspersons,VFT_estimate,10,34621
WU4Q5VLP,authors,VFT_category_interest,83,3630
WU4Q5VLP,authors,VFT_estimate,20,2137
OX30M9NX,college_majors,VFT_category_interest,16,12230
OX30M9NX,college_majors,VFT_estimate,20,9733
OX30M9NX,sportspersons,VFT_category_interest,0,3582
OX30M9NX,sportspersons,VFT_estimate,3,5674
OX30M9NX,animals,VFT_category_interest,49,4174
OX30M9NX,animals,VFT_estimate,20,5919
OX30M9NX,authors,VFT_category_interest,82,3679
OX30M9NX,authors,VFT_estimate,7,7054
OX30M9NX,musicians,VFT_category_interest,47,10826
OX30M9NX,musicians,VFT_estimate,5,3021
6CDVQX7L,animals,VFT_category_interest,81,3124
6CDVQX7L,animals,VFT_estimate,20,8802
6CDVQX7L,college_majors,VFT_category_interest,4,17104
6CDVQX7L,college_majors,VFT_estimate,10,65220
6CDVQX7L,authors,VFT_category_interest,12,11861
6CDVQX7L,authors,VFT_estimate,5,10764
6CDVQX7L,musicians,VFT_category_interest,47,52715
6CDVQX7L,musicians,VFT_estimate,5,18478
6CDVQX7L,sportspersons,VFT_category_interest,91,8244
6CDVQX7L,sportspersons,VFT_estimate,20,7181
QGT05169,college_majors,VFT_category_interest,80,16863
QGT05169,college_majors,VFT_estimate,10,6885
QGT05169,animals,VFT_category_interest,60,5924
QGT05169,animals,VFT_estimate,8,3921
QGT05169,musicians,VFT_category_interest,72,5245
QGT05169,musicians,VFT_estimate,15,4214
QGT05169,sportspersons,VFT_category_interest,49,3931
QGT05169,sportspersons,VFT_estimate,4,3304
QGT05169,authors,VFT_category_interest,72,4012
QGT05169,authors,VFT_estimate,7,8676
SENRROOG,college_majors,VFT_category_interest,94,8797
SENRROOG,college_majors,VFT_estimate,25,11090
SENRROOG,sportspersons,VFT_category_interest,4,8213
SENRROOG,sportspersons,VFT_estimate,5,4183
SENRROOG,authors,VFT_category_interest,23,4515
SENRROOG,authors,VFT_estimate,10,5121
SENRROOG,musicians,VFT_category_interest,8,16764
SENRROOG,musicians,VFT_estimate,6,2665
SENRROOG,animals,VFT_category_interest,37,3947
SENRROOG,animals,VFT_estimate,20,3671
BF3MN8ZR,sportspersons,VFT_category_interest,0,5515
BF3MN8ZR,sportspersons,VFT_estimate,7,16872
BF3MN8ZR,animals,VFT_category_interest,0,3400
BF3MN8ZR,animals,VFT_estimate,15,5424
BF3MN8ZR,musicians,VFT_category_interest,100,7435
BF3MN8ZR,musicians,VFT_estimate,20,6323
BF3MN8ZR,authors,VFT_category_interest,4,6188
BF3MN8ZR,authors,VFT_estimate,2,6504
BF3MN8ZR,college_majors,VFT_category_interest,3,5758
BF3MN8ZR,college_majors,VFT_estimate,10,5407
1KEVYYJ9,sportspersons,VFT_category_interest,0,6296
1KEVYYJ9,sportspersons,VFT_estimate,5,9883
1KEVYYJ9,musicians,VFT_category_interest,50,10148
1KEVYYJ9,musicians,VFT_estimate,10,9616
1KEVYYJ9,authors,VFT_category_interest,0,5681
1KEVYYJ9,authors,VFT_estimate,0,3481
1KEVYYJ9,college_majors,VFT_category_interest,29,4298
1KEVYYJ9,college_majors,VFT_estimate,10,3333
1KEVYYJ9,animals,VFT_category_interest,50,3465
1KEVYYJ9,animals,VFT_estimate,10,3149
86EKSDZC,animals,VFT_category_interest,26,6940
86EKSDZC,animals,VFT_estimate,13,8483
86EKSDZC,musicians,VFT_category_interest,17,9770
86EKSDZC,musicians,VFT_estimate,17,9499
86EKSDZC,college_majors,VFT_category_interest,47,6675
86EKSDZC,college_majors,VFT_estimate,10,9290
86EKSDZC,authors,VFT_category_interest,38,4349
86EKSDZC,authors,VFT_estimate,15,3111
86EKSDZC,sportspersons,VFT_category_interest,12,4427
86EKSDZC,sportspersons,VFT_estimate,10,4636
0MGC7F4K,musicians,VFT_category_interest,77,7863
0MGC7F4K,musicians,VFT_estimate,10,13680
0MGC7F4K,authors,VFT_category_interest,24,3031
0MGC7F4K,authors,VFT_estimate,3,6064
0MGC7F4K,animals,VFT_category_interest,89,4464
0MGC7F4K,animals,VFT_estimate,25,54050
0MGC7F4K,sportspersons,VFT_category_interest,0,22413
0MGC7F4K,sportspersons,VFT_estimate,2,4964
0MGC7F4K,college_majors,VFT_category_interest,84,4531
0MGC7F4K,college_majors,VFT_estimate,10,2848
18HXK612,sportspersons,VFT_category_interest,39,11347
18HXK612,sportspersons,VFT_estimate,7,15458
18HXK612,authors,VFT_category_interest,57,13417
18HXK612,authors,VFT_estimate,10,4765
18HXK612,musicians,VFT_category_interest,53,7981
18HXK612,musicians,VFT_estimate,12,4266
18HXK612,college_majors,VFT_category_interest,55,5065
18HXK612,college_majors,VFT_estimate,15,7599
18HXK612,animals,VFT_category_interest,58,4274
18HXK612,animals,VFT_estimate,20,4837
BWQ1ZSYD,authors,VFT_category_interest,56,12380
BWQ1ZSYD,authors,VFT_estimate,7,10331
BWQ1ZSYD,animals,VFT_category_interest,55,3831
BWQ1ZSYD,animals,VFT_estimate,7,4317
BWQ1ZSYD,musicians,VFT_category_interest,55,6881
BWQ1ZSYD,musicians,VFT_estimate,7,2914
BWQ1ZSYD,college_majors,VFT_category_interest,58,3314
BWQ1ZSYD,college_majors,VFT_estimate,7,2765
BWQ1ZSYD,sportspersons,VFT_category_interest,22,4781
BWQ1ZSYD,sportspersons,VFT_estimate,3,8031
H6D2C4VR,sportspersons,VFT_category_interest,18,4087
H6D2C4VR,sportspersons,VFT_estimate,15,7231
H6D2C4VR,college_majors,VFT_category_interest,56,4975
H6D2C4VR,college_majors,VFT_estimate,20,2681
H6D2C4VR,authors,VFT_category_interest,24,295803
H6D2C4VR,authors,VFT_estimate,30,4829
H6D2C4VR,animals,VFT_category_interest,80,4029
H6D2C4VR,animals,VFT_estimate,40,5059
H6D2C4VR,musicians,VFT_category_interest,76,2057
H6D2C4VR,musicians,VFT_estimate,20,3733
MCYP84X4,sportspersons,VFT_category_interest,46,9223
MCYP84X4,sportspersons,VFT_estimate,15,15102
MCYP84X4,authors,VFT_category_interest,19,5840
MCYP84X4,authors,VFT_estimate,10,6918
MCYP84X4,musicians,VFT_category_interest,60,4815
MCYP84X4,musicians,VFT_estimate,15,5272
MCYP84X4,college_majors,VFT_category_interest,37,3104
MCYP84X4,college_majors,VFT_estimate,12,3155
MCYP84X4,animals,VFT_category_interest,58,5032
MCYP84X4,animals,VFT_estimate,15,4127
97N7CQ49,musicians,VFT_category_interest,14,5906
97N7CQ49,musicians,VFT_estimate,15,9701
97N7CQ49,animals,VFT_category_interest,75,4903
97N7CQ49,animals,VFT_estimate,15,2292
97N7CQ49,authors,VFT_category_interest,56,6189
97N7CQ49,authors,VFT_estimate,8,9117
97N7CQ49,college_majors,VFT_category_interest,26,4264
97N7CQ49,college_majors,VFT_estimate,12,4682
97N7CQ49,sportspersons,VFT_category_interest,0,4582
97N7CQ49,sportspersons,VFT_estimate,5,2449
00K73X1D,animals,VFT_category_interest,23,5015
00K73X1D,animals,VFT_estimate,10,18327
00K73X1D,musicians,VFT_category_interest,61,4716
00K73X1D,musicians,VFT_estimate,10,5686
00K73X1D,college_majors,VFT_category_interest,41,8140
00K73X1D,college_majors,VFT_estimate,10,2636
00K73X1D,sportspersons,VFT_category_interest,3,5748
00K73X1D,sportspersons,VFT_estimate,5,8090
00K73X1D,authors,VFT_category_interest,28,4995
00K73X1D,authors,VFT_estimate,10,3104
FYE2JV3H,sportspersons,VFT_category_interest,0,3980
FYE2JV3H,sportspersons,VFT_estimate,1,5120
FYE2JV3H,college_majors,VFT_category_interest,100,5946
FYE2JV3H,college_majors,VFT_estimate,6,3671
FYE2JV3H,authors,VFT_category_interest,25,4513
FYE2JV3H,authors,VFT_estimate,2,3818
FYE2JV3H,musicians,VFT_category_interest,6,12717
FYE2JV3H,musicians,VFT_estimate,1,14513
FYE2JV3H,animals,VFT_category_interest,100,8513
FYE2JV3H,animals,VFT_estimate,5,4131
PLC36LSR,authors,VFT_category_interest,24,10128
PLC36LSR,authors,VFT_estimate,10,7543
PLC36LSR,college_majors,VFT_category_interest,39,8622
PLC36LSR,college_majors,VFT_estimate,9,12360
PLC36LSR,musicians,VFT_category_interest,18,8918
PLC36LSR,musicians,VFT_estimate,5,2273
PLC36LSR,animals,VFT_category_interest,88,4496
PLC36LSR,animals,VFT_estimate,20,4171
PLC36LSR,sportspersons,VFT_category_interest,27,6823
PLC36LSR,sportspersons,VFT_estimate,7,5513
7SUXPU9Y,sportspersons,VFT_category_interest,1,10614
7SUXPU9Y,sportspersons,VFT_estimate,3,10371
7SUXPU9Y,college_majors,VFT_category_interest,52,4615
7SUXPU9Y,college_majors,VFT_estimate,17,8532
7SUXPU9Y,authors,VFT_category_interest,26,92739
7SUXPU9Y,authors,VFT_estimate,13,3691
7SUXPU9Y,animals,VFT_category_interest,100,2787
7SUXPU9Y,animals,VFT_estimate,25,2712
7SUXPU9Y,musicians,VFT_category_interest,64,3429
7SUXPU9Y,musicians,VFT_estimate,10,3694
G8B6AJJV,musicians,VFT_category_interest,55,6020
G8B6AJJV,musicians,VFT_estimate,10,10829
G8B6AJJV,sportspersons,VFT_category_interest,78,34709
G8B6AJJV,sportspersons,VFT_estimate,12,21168
G8B6AJJV,animals,VFT_category_interest,100,4027
G8B6AJJV,animals,VFT_estimate,15,3894
G8B6AJJV,college_majors,VFT_category_interest,37,4866
G8B6AJJV,college_majors,VFT_estimate,10,3473
G8B6AJJV,authors,VFT_category_interest,18,12292
G8B6AJJV,authors,VFT_estimate,8,2473
VJJ2VCIY,musicians,VFT_category_interest,15,7232
VJJ2VCIY,musicians,VFT_estimate,5,9396
VJJ2VCIY,sportspersons,VFT_category_interest,8,32365
VJJ2VCIY,sportspersons,VFT_estimate,5,5964
VJJ2VCIY,college_majors,VFT_category_interest,6,4581
VJJ2VCIY,college_majors,VFT_estimate,7,3247
VJJ2VCIY,animals,VFT_category_interest,48,4214
VJJ2VCIY,animals,VFT_estimate,10,3047
VJJ2VCIY,authors,VFT_category_interest,0,6450
VJJ2VCIY,authors,VFT_estimate,3,6914
ZERL6DH6,musicians,VFT_category_interest,74,5947
ZERL6DH6,musicians,VFT_estimate,20,27933
ZERL6DH6,college_majors,VFT_category_interest,57,16200
ZERL6DH6,college_majors,VFT_estimate,20,5474
ZERL6DH6,authors,VFT_category_interest,24,126597
ZERL6DH6,authors,VFT_estimate,10,2829
ZERL6DH6,animals,VFT_category_interest,100,22799
ZERL6DH6,animals,VFT_estimate,30,2064
ZERL6DH6,sportspersons,VFT_category_interest,0,3497
ZERL6DH6,sportspersons,VFT_estimate,4,3367
UIBPJL1Q,sportspersons,VFT_category_interest,31,4947
UIBPJL1Q,sportspersons,VFT_estimate,15,17430
UIBPJL1Q,animals,VFT_category_interest,54,5496
UIBPJL1Q,animals,VFT_estimate,15,5522
UIBPJL1Q,college_majors,VFT_category_interest,42,5579
UIBPJL1Q,college_majors,VFT_estimate,10,2102
UIBPJL1Q,musicians,VFT_category_interest,12,5796
UIBPJL1Q,musicians,VFT_estimate,5,2843
UIBPJL1Q,authors,VFT_category_interest,74,4364
UIBPJL1Q,authors,VFT_estimate,10,3347
3YX63NZD,musicians,VFT_category_interest,64,9095
3YX63NZD,musicians,VFT_estimate,60,16577
3YX63NZD,authors,VFT_category_interest,0,3245
3YX63NZD,authors,VFT_estimate,2,5815
3YX63NZD,animals,VFT_category_interest,68,3028
3YX63NZD,animals,VFT_estimate,20,3236
3YX63NZD,college_majors,VFT_category_interest,11,5913
3YX63NZD,college_majors,VFT_estimate,6,7579
3YX63NZD,sportspersons,VFT_category_interest,58,7007
3YX63NZD,sportspersons,VFT_estimate,10,45188
IN92PH3J,sportspersons,VFT_category_interest,73,6187
IN92PH3J,sportspersons,VFT_estimate,25,15545
IN92PH3J,musicians,VFT_category_interest,67,5406
IN92PH3J,musicians,VFT_estimate,20,7362
IN92PH3J,college_majors,VFT_category_interest,41,5907
IN92PH3J,college_majors,VFT_estimate,15,9375
IN92PH3J,animals,VFT_category_interest,67,3666
IN92PH3J,animals,VFT_estimate,20,6833
IN92PH3J,authors,VFT_category_interest,27,14453
IN92PH3J,authors,VFT_estimate,10,2416
OUSZQD8K,college_majors,VFT_category_interest,63,5693
OUSZQD8K,college_majors,VFT_estimate,25,9521
OUSZQD8K,animals,VFT_category_interest,67,4116
OUSZQD8K,animals,VFT_estimate,25,7161
OUSZQD8K,sportspersons,VFT_category_interest,4,5244
OUSZQD8K,sportspersons,VFT_estimate,5,5878
OUSZQD8K,musicians,VFT_category_interest,27,4795
OUSZQD8K,musicians,VFT_estimate,10,2989
OUSZQD8K,authors,VFT_category_interest,11,3273
OUSZQD8K,authors,VFT_estimate,6,2659
UVAI5SO9,musicians,VFT_category_interest,100,5146
UVAI5SO9,musicians,VFT_estimate,45,8699
UVAI5SO9,college_majors,VFT_category_interest,34,3083
UVAI5SO9,college_majors,VFT_estimate,20,3859
UVAI5SO9,authors,VFT_category_interest,64,2779
UVAI5SO9,authors,VFT_estimate,15,5064
UVAI5SO9,animals,VFT_category_interest,50,4183
UVAI5SO9,animals,VFT_estimate,20,2816
UVAI5SO9,sportspersons,VFT_category_interest,9,3664
UVAI5SO9,sportspersons,VFT_estimate,6,2065
40SNDKQR,animals,VFT_category_interest,77,6373
40SNDKQR,animals,VFT_estimate,20,7657
40SNDKQR,authors,VFT_category_interest,62,4372
40SNDKQR,authors,VFT_estimate,8,5366
40SNDKQR,college_majors,VFT_category_interest,15,3659
40SNDKQR,college_majors,VFT_estimate,15,3832
40SNDKQR,musicians,VFT_category_interest,23,2573
40SNDKQR,musicians,VFT_estimate,5,3230
40SNDKQR,sportspersons,VFT_category_interest,3,3590
40SNDKQR,sportspersons,VFT_estimate,5,2408
ESNMRF10,authors,VFT_category_interest,52,6865
ESNMRF10,authors,VFT_estimate,15,9185
ESNMRF10,college_majors,VFT_category_interest,78,4733
ESNMRF10,college_majors,VFT_estimate,20,3179
ESNMRF10,animals,VFT_category_interest,85,3628
ESNMRF10,animals,VFT_estimate,20,6084
ESNMRF10,sportspersons,VFT_category_interest,21,7061
ESNMRF10,sportspersons,VFT_estimate,10,2782
ESNMRF10,musicians,VFT_category_interest,25,8162
ESNMRF10,musicians,VFT_estimate,10,5801
JDVDZARM,college_majors,VFT_category_interest,35,11381
JDVDZARM,college_majors,VFT_estimate,15,11734
JDVDZARM,sportspersons,VFT_category_interest,2,5281
JDVDZARM,sportspersons,VFT_estimate,5,6469
JDVDZARM,animals,VFT_category_interest,66,5116
JDVDZARM,animals,VFT_estimate,20,9442
JDVDZARM,authors,VFT_category_interest,29,7217
JDVDZARM,authors,VFT_estimate,7,2933
JDVDZARM,musicians,VFT_category_interest,33,6430
JDVDZARM,musicians,VFT_estimate,7,9168
6VBV95IL,college_majors,VFT_category_interest,72,4901
6VBV95IL,college_majors,VFT_estimate,18,8771
6VBV95IL,sportspersons,VFT_category_interest,16,4770
6VBV95IL,sportspersons,VFT_estimate,11,6562
6VBV95IL,animals,VFT_category_interest,80,2517
6VBV95IL,animals,VFT_estimate,25,6084
6VBV95IL,authors,VFT_category_interest,11,2404
6VBV95IL,authors,VFT_estimate,5,2638
6VBV95IL,musicians,VFT_category_interest,72,5066
6VBV95IL,musicians,VFT_estimate,15,1831
4CA4DFWP,animals,VFT_category_interest,82,4590
4CA4DFWP,animals,VFT_estimate,70,5217
4CA4DFWP,college_majors,VFT_category_interest,28,3099
4CA4DFWP,college_majors,VFT_estimate,35,4316
4CA4DFWP,musicians,VFT_category_interest,35,3158
4CA4DFWP,musicians,VFT_estimate,30,1901
4CA4DFWP,authors,VFT_category_interest,15,5050
4CA4DFWP,authors,VFT_estimate,10,2479
4CA4DFWP,sportspersons,VFT_category_interest,2,11254
4CA4DFWP,sportspersons,VFT_estimate,5,2259
YDKEN7JY,sportspersons,VFT_category_interest,74,5454
YDKEN7JY,sportspersons,VFT_estimate,40,15477
YDKEN7JY,authors,VFT_category_interest,34,5414
YDKEN7JY,authors,VFT_estimate,5,1646
YDKEN7JY,animals,VFT_category_interest,63,3399
YDKEN7JY,animals,VFT_estimate,15,1865
YDKEN7JY,college_majors,VFT_category_interest,23,4061
YDKEN7JY,college_majors,VFT_estimate,15,1808
YDKEN7JY,musicians,VFT_category_interest,86,3329
YDKEN7JY,musicians,VFT_estimate,20,2342
NRXHKYAS,sportspersons,VFT_category_interest,0,7033
NRXHKYAS,sportspersons,VFT_estimate,5,16889
NRXHKYAS,college_majors,VFT_category_interest,50,7090
NRXHKYAS,college_majors,VFT_estimate,10,7464
NRXHKYAS,animals,VFT_category_interest,55,8411
NRXHKYAS,animals,VFT_estimate,15,13924
NRXHKYAS,authors,VFT_category_interest,38,14307
NRXHKYAS,authors,VFT_estimate,7,17343
NRXHKYAS,musicians,VFT_category_interest,46,10552
NRXHKYAS,musicians,VFT_estimate,5,6683
S30LA614,college_majors,VFT_category_interest,57,5560
S30LA614,college_majors,VFT_estimate,30,11685
S30LA614,musicians,VFT_category_interest,67,3182
S30LA614,musicians,VFT_estimate,15,10561
S30LA614,animals,VFT_category_interest,32,3815
S30LA614,animals,VFT_estimate,15,5672
S30LA614,sportspersons,VFT_category_interest,4,7748
S30LA614,sportspersons,VFT_estimate,10,6605
S30LA614,authors,VFT_category_interest,61,13914
S30LA614,authors,VFT_estimate,12,13448
B3MZX5TF,sportspersons,VFT_category_interest,77,4831
B3MZX5TF,sportspersons,VFT_estimate,45,8002
B3MZX5TF,authors,VFT_category_interest,24,3995
B3MZX5TF,authors,VFT_estimate,10,3871
B3MZX5TF,college_majors,VFT_category_interest,16,4135
B3MZX5TF,college_majors,VFT_estimate,12,5657
B3MZX5TF,musicians,VFT_category_interest,47,5474
B3MZX5TF,musicians,VFT_estimate,15,7285
B3MZX5TF,animals,VFT_category_interest,16,3193
B3MZX5TF,animals,VFT_estimate,15,2712
HZP27937,animals,VFT_category_interest,50,6459
HZP27937,animals,VFT_estimate,20,12237
HZP27937,college_majors,VFT_category_interest,29,4886
HZP27937,college_majors,VFT_estimate,20,1997
HZP27937,sportspersons,VFT_category_interest,0,41966
HZP27937,sportspersons,VFT_estimate,5,2672
HZP27937,authors,VFT_category_interest,19,13870
HZP27937,authors,VFT_estimate,10,16514
HZP27937,musicians,VFT_category_interest,82,2843
HZP27937,musicians,VFT_estimate,20,5906
FDULT82W,musicians,VFT_category_interest,50,5920
FDULT82W,musicians,VFT_estimate,20,7465
FDULT82W,authors,VFT_category_interest,33,12514
FDULT82W,authors,VFT_estimate,10,5140
FDULT82W,college_majors,VFT_category_interest,56,5165
FDULT82W,college_majors,VFT_estimate,20,1883
FDULT82W,sportspersons,VFT_category_interest,0,5698
FDULT82W,sportspersons,VFT_estimate,5,2125
FDULT82W,animals,VFT_category_interest,32,3731
FDULT82W,animals,VFT_estimate,20,2664
6PJDUW9O,sportspersons,VFT_category_interest,84,7139
6PJDUW9O,sportspersons,VFT_estimate,20,10686
6PJDUW9O,college_majors,VFT_category_interest,50,4533
6PJDUW9O,college_majors,VFT_estimate,10,4183
6PJDUW9O,authors,VFT_category_interest,63,4579
6PJDUW9O,authors,VFT_estimate,15,4627
6PJDUW9O,animals,VFT_category_interest,83,3851
6PJDUW9O,animals,VFT_estimate,30,32275
6PJDUW9O,musicians,VFT_category_interest,54,4697
6PJDUW9O,musicians,VFT_estimate,12,18793
0L28O7LJ,authors,VFT_category_interest,0,4013
0L28O7LJ,authors,VFT_estimate,2,7781
0L28O7LJ,college_majors,VFT_category_interest,5,4083
0L28O7LJ,college_majors,VFT_estimate,10,4534
0L28O7LJ,sportspersons,VFT_category_interest,0,3363
0L28O7LJ,sportspersons,VFT_estimate,0,2231
0L28O7LJ,animals,VFT_category_interest,49,4547
0L28O7LJ,animals,VFT_estimate,30,6698
0L28O7LJ,musicians,VFT_category_interest,2,3117
0L28O7LJ,musicians,VFT_estimate,4,2133
