subject,tag,original_interest,corrected_interest,primary_subreddit,alt_subreddit_1,alt_subreddit_2
00K73X1D,1,media,media,r/popculture,r/entertainment,r/movies
00K73X1D,2,pop culture,pop culture,r/popculture,r/movies,r/television
00K73X1D,3,music,music,r/music,r/popheads,r/listentothis
00K73X1D,4,tv shows,tv shows,r/television,r/movies,r/entertainment
0GMT2ITP,1,"inspiration for projects, crafting",craft inspiration,r/crafts,r/DIY,r/somethingimade
0GMT2ITP,2,interesting/human interest stories,human interest,r/HumansBeingBros,r/UpliftingNews,r/MadeMeSmile
0GMT2ITP,3,funny content,humor,r/funny,r/memes,r/Comedy
0GMT2ITP,4,pop culture content,pop culture,r/popculture,r/entertainment,r/Fauxmoi
0GMT2ITP,5,relevant/breaking news stories,breaking news,r/news,r/worldnews,r/OutOfTheLoop
0GMT2ITP,6,local stories,local news,r/news,r/AskReddit,r/CasualConversation
0L28O7LJ,1,travel,travel,r/travel,r/solotravel,r/backpacking
0L28O7LJ,2,culture,culture,r/culture,r/anthropology,r/worldnews
0L28O7LJ,3,food,food,r/food,r/cooking,r/FoodPorn
0L28O7LJ,4,day in my life,day in my life,r/vlog,r/casualconversation,r/AskReddit
0L28O7LJ,5,podcasts,podcasts,r/podcasts,r/popculture,r/entertainment
0L28O7LJ,6,youtube videos,youtube videos,r/youtube,r/InternetCulture,r/videos
0L28O7LJ,7,cartoon shows,cartoon shows,r/cartoons,r/television,r/popculture
0MGC7F4K,1,informational content,informational content,r/explainlikeimfive,r/todayilearned,r/AskScience
0MGC7F4K,2,funny jokes,jokes,r/funny,r/memes,r/jokes
0MGC7F4K,3,guides to being a better person,guides to being a better person,r/selfimprovement,r/DecidingToBeBetter,r/GetMotivated
0MGC7F4K,4,self improvement tips,self improvement,r/selfimprovement,r/GetMotivated,r/DecidingToBeBetter
0MGC7F4K,5,others lived experience,lived experience,r/AskReddit,r/TrueOffMyChest,r/casualconversation
0MGC7F4K,6,wisdom,wisdom,r/DeepThoughts,r/philosophy,r/GetMotivated
0MGC7F4K,7,knowledge,knowledge,r/AskScience,r/explainlikeimfive,r/learnprogramming
0MGC7F4K,8,current events,current events,r/news,r/worldnews,r/OutOfTheLoop
0MGC7F4K,9,news,news,r/news,r/worldnews,r/OutOfTheLoop
0MGC7F4K,10,cultural content,cultural content,r/culture,r/anthropology,r/popculture
0MGC7F4K,11,learning,learning,r/education,r/AskAcademia,r/learnprogramming
0MGC7F4K,12,video games,video games,r/gaming,r/pcgaming,r/truegaming
0MGC7F4K,13,science,science,r/science,r/askscience,r/todayilearned
0MGC7F4K,14,community,community,r/AskReddit,r/casualconversation,r/DecidingToBeBetter
0MGC7F4K,15,advice,advice,r/advice,r/relationship_advice,r/selfimprovement
0PRAW6DO,1,personal learning,learning,r/learn,r/selfimprovement,r/education
0PRAW6DO,2,entertainment,entertainment,r/entertainment,r/movies,r/television
0QPSDFM3,1,clothing,clothing,r/fashion,r/streetwear,r/malefashionadvice
0QPSDFM3,2,shopping,shopping,r/shopping,r/Frugal,r/BuyItForLife
0QPSDFM3,3,surfing,surfing,r/surfing,r/surf,r/ocean
18HXK612,1,books,books,r/books,r/literature,r/booksuggestions
18HXK612,2,gaming,gaming,r/gaming,r/pcgaming,r/truegaming
18HXK612,3,xbox,xbox,r/xbox,r/gaming,r/XboxSeriesX
18HXK612,4,tv,tv,r/television,r/movies,r/entertainment
18HXK612,5,movies,movies,r/movies,r/TrueFilm,r/entertainment
18HXK612,6,fantasy books,fantasy books,r/Fantasy,r/books,r/worldbuilding
18HXK612,7,stories,stories,r/shortstories,r/writing,r/WritingPrompts
18HXK612,8,art,art,r/art,r/illustration,r/ArtistLounge
18HXK612,9,group gaming content,group gaming,r/gaming,r/partygames,r/truegaming
18HXK612,10,news,news,r/news,r/worldnews,r/OutOfTheLoop
1KEVYYJ9,1,online trends commentary,online trends,r/OutOfTheLoop,r/popculture,r/technology
1KEVYYJ9,2,videogames,videogames,r/gaming,r/pcgaming,r/truegaming
1KEVYYJ9,3,music,music,r/music,r/popheads,r/listentothis
1KEVYYJ9,4,tv shows,tv shows,r/television,r/movies,r/entertainment
1KEVYYJ9,5,anime,anime,r/anime,r/animesuggest,r/manga
1KEVYYJ9,6,online thrifting,online thrifting,r/Frugal,r/ThriftStoreHauls,r/BuyItForLife
20ISZCV2,1,local news,local news,r/news,r/localnews,r/OutOfTheLoop
20ISZCV2,2,events,events,r/events,r/Concerts,r/yourcity
20ISZCV2,3,politics,politics,r/politics,r/politicaldiscussion,r/news
20ISZCV2,4,community,community,r/DecidingToBeBetter,r/communities,r/AskReddit
20ISZCV2,5,humor,humor,r/funny,r/Comedy,r/memes
20ISZCV2,6,entertainment,entertainment,r/entertainment,r/movies,r/television
2BD455O0,1,current events,current events,r/news,r/worldnews,r/OutOfTheLoop
2BD455O0,2,political activism,political activism,r/activism,r/politics,r/PoliticalDiscussion
2BD455O0,3,transgender experience,transgender topics,r/asktransgender,r/trans,r/lgbt
2BD455O0,4,nonbinary experience,nonbinary topics,r/NonBinary,r/lgbt,r/asktransgender
2BD455O0,5,anime,anime,r/anime,r/Animemes,r/manga
2BD455O0,6,cartoons,cartoons,r/cartoons,r/animation,r/CartoonNetwork
2BD455O0,7,artists,art,r/art,r/ArtistLounge,r/drawing
2BD455O0,8,pokemon,pokemon,r/pokemon,r/pokemongo,r/pokemontcg
2BD455O0,9,sketch comedy,comedy,r/comedy,r/funny,r/standupcomedy
2BD455O0,10,mariokart,mario kart,r/mariokart,r/NintendoSwitch,r/gaming
2BD455O0,11,vocaloid,vocaloid,r/Vocaloid,r/anime,r/jpop
2BD455O0,12,trivia,trivia,r/trivia,r/todayilearned,r/AskReddit
2BD455O0,13,geography,geography,r/geography,r/MapPorn,r/worldnews
37UDZTHY,1,stocks and recent market trends,stocks,r/stocks,r/investing,r/wallstreetbets
3YX63NZD,1,mental health,mental health,r/mentalhealth,r/depression,r/psychology
3YX63NZD,2,bipolar disorder,bipolar disorder,r/bipolar,r/mentalhealth,r/askpsychiatry
3YX63NZD,3,aspergers,aspergers,r/aspergers,r/autism,r/neurodiversity
3YX63NZD,4,sports,sports,r/sports,r/nfl,r/soccer
3YX63NZD,5,news headlines,news headlines,r/news,r/worldnews,r/OutOfTheLoop
40SNDKQR,1,reviews,reviews,r/productreviews,r/AskReddit,r/BuyItForLife
40SNDKQR,2,recommendations,recommendations,r/AskReddit,r/entertainment,r/booksuggestions
40SNDKQR,3,advice,advice,r/advice,r/selfimprovement,r/relationship_advice
40SNDKQR,4,fun,fun,r/funny,r/memes,r/casualconversation
40SNDKQR,5,activities,activities,r/hobbies,r/casualconversation,r/AskReddit
476LZI3N,1,politics,politics,r/politics,r/politicaldiscussion,r/worldnews
476LZI3N,2,pop culture,pop culture,r/popculture,r/entertainment,r/movies
476LZI3N,3,movie analysis,movie analysis,r/TrueFilm,r/movies,r/Filmmakers
476LZI3N,4,sleep,sleep,r/sleep,r/insomnia,r/selfimprovement
476LZI3N,5,college advice,college advice,r/college,r/ApplyingToCollege,r/AskAcademia
4CA4DFWP,1,funny,funny,r/funny,r/memes,r/Comedy
4CA4DFWP,2,informative,informative,r/explainlikeimfive,r/todayilearned,r/AskScience
4CA4DFWP,3,cooking,cooking,r/cooking,r/recipes,r/food
4CA4DFWP,4,beauty,beauty,r/beauty,r/makeupaddiction,r/skincareaddiction
4CA4DFWP,5,japan,japan,r/Japan,r/japanlife,r/travel
4CA4DFWP,6,japanese,japanese,r/LearnJapanese,r/languagelearning,r/linguistics
4CA4DFWP,7,language learning,language learning,r/languagelearning,r/learnjapanese,r/linguistics
4CA4DFWP,8,student,student,r/college,r/AskAcademia,r/ApplyingToCollege
4CA4DFWP,9,friends,friends,r/socialskills,r/AskReddit,r/casualconversation
56M8U5A5,1,baseball,baseball,r/baseball,r/MLB,r/sports
56M8U5A5,2,skiing,skiing,r/skiing,r/snowboarding,r/winter
56M8U5A5,3,flags and geography,geography,r/geography,r/vexillology,r/MapPorn
56M8U5A5,4,music,music,r/music,r/listentothis,r/WeAreTheMusicMakers
56M8U5A5,5,news and economics,economics,r/economics,r/news,r/worldnews
5K82MZW1,1,fiction,fiction,r/books,r/Fantasy,r/writing
5K82MZW1,2,fantasy,fantasy,r/Fantasy,r/worldbuilding,r/books
5K82MZW1,3,worldbuilding,worldbuilding,r/worldbuilding,r/Fantasy,r/writing
5K82MZW1,4,instructional,instructional,r/howto,r/tutorials,r/DIY
5K82MZW1,5,nonfiction,nonfiction,r/books,r/nonfiction,r/literature
5K82MZW1,6,history,history,r/history,r/AskHistorians,r/HistoryPorn
5K82MZW1,7,politics,politics,r/politics,r/PoliticalDiscussion,r/worldnews
5K82MZW1,8,economics,economics,r/economics,r/askeconomics,r/investing
5K82MZW1,9,leftism,leftist politics,r/socialism,r/communism,r/politics
5K82MZW1,10,politics,politics,r/politics,r/PoliticalDiscussion,r/worldnews
64LRAXDJ,1,hermit crabs,hermit crabs,r/hermitcrabs,r/Aquariums,r/animals
64LRAXDJ,2,cooking,cooking,r/cooking,r/recipes,r/AskCulinary
64LRAXDJ,3,dogs,dogs,r/dogs,r/puppy101,r/Dogtraining
64LRAXDJ,4,cats,cats,r/cats,r/aww,r/CatAdvice
64LRAXDJ,5,art,art,r/art,r/ArtistLounge,r/drawing
64LRAXDJ,6,tattoos,tattoos,r/tattoos,r/TattooDesigns,r/bodymods
64LRAXDJ,7,music,music,r/music,r/listentothis,r/WeAreTheMusicMakers
64LRAXDJ,8,news,news,r/news,r/worldnews,r/OutOfTheLoop
64LRAXDJ,9,nonprofits,nonprofits,r/nonprofit,r/volunteering,r/socialgood
64LRAXDJ,10,conservation,conservation,r/conservation,r/environment,r/climate
64LRAXDJ,11,volunteering,volunteering,r/volunteering,r/nonprofit,r/socialgood
64LRAXDJ,12,memes,memes,r/memes,r/dankmemes,r/funny
64LRAXDJ,13,clothing,fashion,r/fashion,r/malefashionadvice,r/femalefashionadvice
64LRAXDJ,14,animals,animals,r/animals,r/aww,r/NatureIsFuckingLit
64LRAXDJ,15,international news,international news,r/worldnews,r/geopolitics,r/news
64LRAXDJ,16,dinosaurs,dinosaurs,r/Dinosaurs,r/paleontology,r/NatureIsFuckingLit
64LRAXDJ,17,jurassic park,jurassic park,r/jurassicpark,r/movies,r/FanTheories
64LRAXDJ,18,mental health awareness,mental health,r/mentalhealth,r/therapy,r/selfimprovement
6CDVQX7L,1,programming,programming,r/learnprogramming,r/programming,r/coding
6CDVQX7L,2,graphic design,graphic design,r/graphic_design,r/design,r/ArtistLounge
6CDVQX7L,3,formula one,formula one,r/formula1,r/F1Technical,r/sports
6CDVQX7L,4,web design,web design,r/web_design,r/webdev,r/UXDesign
6CDVQX7L,5,art,art,r/art,r/illustration,r/ArtistLounge
6CDVQX7L,6,photography,photography,r/photography,r/itookapicture,r/AskPhotography
6CDVQX7L,7,games,games,r/gaming,r/games,r/truegaming
6CDVQX7L,8,gaming,gaming,r/gaming,r/pcgaming,r/truegaming
6D26ZXC8,1,LGBT activism,LGBT activism,r/lgbt,r/asktransgender,r/LGBTnews
6D26ZXC8,2,Learning,learning,r/learn,r/selfimprovement,r/education
6D26ZXC8,3,Language Learning,language learning,r/languagelearning,r/duolingo,r/learnlanguages
6D26ZXC8,4,Opinions,opinions,r/unpopularopinion,r/changemyview,r/TrueReddit
6D26ZXC8,5,Information on recent news,current events,r/news,r/worldnews,r/OutOfTheLoop
6D26ZXC8,6,Escapism,escapism,r/books,r/fiction,r/ImaginaryLandscapes
6D26ZXC8,7,Gaining a new pespective,new perspectives,r/changemyview,r/philosophy,r/TrueReddit
6PJDUW9O,1,sports/politics/current events/medicine,mixed topics,r/sports,r/politics,r/news
6VBV95IL,1,medicine,medicine,r/medicine,r/AskDocs,r/health
6VBV95IL,2,radios,radios,r/amateurradio,r/radio,r/electronics
6VBV95IL,3,flashlights,flashlights,r/flashlight,r/BuyItForLife,r/electronics
6VBV95IL,4,science,science,r/science,r/askscience,r/todayilearned
6VBV95IL,5,stories,stories,r/shortstories,r/nosleep,r/WritingPrompts
6VBV95IL,6,news,news,r/news,r/worldnews,r/OutOfTheLoop
6XD6NVVO,1,news,news,r/news,r/worldnews,r/OutOfTheLoop
6XD6NVVO,2,fandoms,fandoms,r/FanTheories,r/fandom,r/television
6XD6NVVO,3,trivia,trivia,r/trivia,r/todayilearned,r/AskReddit
6XD6NVVO,4,music,music,r/music,r/listentothis,r/WeAreTheMusicMakers
6XD6NVVO,5,arts,art,r/art,r/ArtistLounge,r/drawing
6XD6NVVO,6,fiction books of all kind,fiction books,r/books,r/Fantasy,r/suggestmeabook
73N2RQWR,1,fiction,fiction,r/books,r/Fantasy,r/writing
73N2RQWR,2,books,books,r/books,r/literature,r/suggestmeabook
73N2RQWR,3,movies,movies,r/movies,r/TrueFilm,r/moviesuggestions
73N2RQWR,4,tv shows,TV shows,r/television,r/Netflix,r/TVDetails
73N2RQWR,5,reels,short videos,r/videos,r/TikTokCringe,r/interestingasfuck
73N2RQWR,6,recipes,recipes,r/recipes,r/cooking,r/food
7SUXPU9Y,1,comedy,comedy,r/funny,r/memes,r/Comedy
7SUXPU9Y,2,interesting,interesting,r/interestingasfuck,r/todayilearned,r/AskReddit
7SUXPU9Y,3,romance,romance,r/relationships,r/dating,r/relationship_advice
7SUXPU9Y,4,advice,advice,r/advice,r/selfimprovement,r/relationship_advice
7SUXPU9Y,5,animals,animals,r/aww,r/animals,r/nature
7SUXPU9Y,6,instructions,instructions,r/explainlikeimfive,r/howto,r/AskReddit
7SUXPU9Y,7,history,history,r/history,r/AskHistorians,r/TrueHistory
7SUXPU9Y,8,politics,politics,r/politics,r/politicaldiscussion,r/worldnews
7SUXPU9Y,9,dogs,dogs,r/dogs,r/aww,r/dogtraining
7SUXPU9Y,10,medical,medical,r/AskDocs,r/medicine,r/health
86EKSDZC,1,humor,humor,r/funny,r/memes,r/Comedy
86EKSDZC,2,strategy games,strategy games,r/strategy,r/gaming,r/boardgames
86EKSDZC,3,weird facts,weird facts,r/todayilearned,r/interestingasfuck,r/AskReddit
86EKSDZC,4,fighting games,fighting games,r/Fighters,r/gaming,r/FightingGame
86EKSDZC,5,game design,game design,r/gamedev,r/game_design,r/IndieDev
86EKSDZC,6,TTRPGs,TTRPGs,r/rpg,r/DnD,r/tabletop
8BL6X7AX,1,soccer,soccer,r/soccer,r/football,r/sports
8BL6X7AX,2,skiing,skiing,r/skiing,r/snowboarding,r/winter
8BL6X7AX,3,hiking,hiking,r/hiking,r/camping,r/outdoors
8BL6X7AX,4,school,education,r/school,r/college,r/education
8BL6X7AX,5,career,careers,r/jobs,r/careerguidance,r/resumes
8JEQ20SU,1,chinese,chinese language,r/ChineseLanguage,r/languagelearning,r/learnchinese
8PAKX1OM,1,funny,funny,r/funny,r/Comedy,r/memes
8PAKX1OM,2,informational,informational,r/explainlikeimfive,r/todayilearned,r/AskScience
8PAKX1OM,3,mental health related,mental health related,r/mentalhealth,r/depression,r/selfimprovement
8ZC5BFHF,1,enthusiasm,enthusiasm,r/GetMotivated,r/selfimprovement,r/DecidingToBeBetter
8ZC5BFHF,2,helpfulness,helpfulness,r/advice,r/Assistance,r/TooAfraidToAsk
97N7CQ49,1,stories,stories,r/shortstories,r/nosleep,r/WritingPrompts
97N7CQ49,2,answers,answers,r/AskReddit,r/explainlikeimfive,r/TooAfraidToAsk
97N7CQ49,3,facts,facts,r/todayilearned,r/AskScience,r/interestingasfuck
97N7CQ49,4,trivia,trivia,r/trivia,r/AskReddit,r/todayilearned
97N7CQ49,5,quizzes,quizzes,r/quiz,r/AskReddit,r/casualconversation
97N7CQ49,6,games,games,r/gaming,r/boardgames,r/pcgaming
97N7CQ49,7,engagement,engagement,r/AskReddit,r/casualconversation,r/DecidingToBeBetter
97N7CQ49,8,news,news,r/news,r/worldnews,r/OutOfTheLoop
97N7CQ49,9,updates,updates,r/news,r/OutOfTheLoop,r/worldnews
97N7CQ49,10,uplifting,uplifting,r/GetMotivated,r/UpliftingNews,r/selfimprovement
97N7CQ49,11,community,community,r/AskReddit,r/casualconversation,r/DecidingToBeBetter
97N7CQ49,12,sharing,sharing,r/casualconversation,r/AskReddit,r/TrueOffMyChest
97N7CQ49,13,light,light,r/funny,r/memes,r/wholesomememes
97N7CQ49,14,warm,warm,r/wholesomememes,r/GetMotivated,r/casualconversation
97N7CQ49,15,content,content,r/AskReddit,r/casualconversation,r/popculture
9KZ4Q91O,1,relationships,relationships,r/relationships,r/relationship_advice,r/dating
9KZ4Q91O,2,love,love,r/dating,r/relationships,r/relationship_advice
9KZ4Q91O,3,gender dynamics,gender dynamics,r/AskFeminists,r/relationships,r/TwoXChromosomes
9KZ4Q91O,4,breakups,breakups,r/breakups,r/relationships,r/relationship_advice
9KZ4Q91O,5,psychoanalysis,psychoanalysis,r/psychology,r/psychoanalysis,r/askpsychology
9KZ4Q91O,6,jung,jung,r/Jung,r/psychology,r/askpsychology
9KZ4Q91O,7,poetry,poetry,r/Poetry,r/OCPoetry,r/PoetrySlam
9KZ4Q91O,8,quotes,quotes,r/quotes,r/GetMotivated,r/DeepThoughts
9KZ4Q91O,9,dreams,dreams,r/Dreams,r/psychology,r/jung
9KZ4Q91O,10,lucid dreaming,lucid dreaming,r/LucidDreaming,r/Dreams,r/psychology
9KZ4Q91O,11,metaphysics,metaphysics,r/philosophy,r/askphilosophy,r/Metaphysics
9KZ4Q91O,12,psychology,psychology,r/psychology,r/askpsychology,r/selfimprovement
9KZ4Q91O,13,biology,biology,r/biology,r/askscience,r/science
9KZ4Q91O,14,ecology,ecology,r/ecology,r/environment,r/sustainability
9KZ4Q91O,15,academic,academic,r/academia,r/AskAcademia,r/college
9KZ4Q91O,16,writing,writing,r/writing,r/writingprompts,r/writers
9O2ABUMY,1,Job Market insight,job market,r/jobs,r/careerguidance,r/resumes
9O2ABUMY,2,Funny TV moments,TV comedy,r/television,r/funny,r/Comedy
9O2ABUMY,3,Learn from other's experiences,life advice,r/AskReddit,r/selfimprovement,r/TrueReddit
A5YUTA1F,1,news,news,r/news,r/worldnews,r/politics
A5YUTA1F,2,technology,technology,r/technology,r/futurology,r/gadgets
A5YUTA1F,3,memes,memes,r/memes,r/dankmemes,r/ComedyCemetery
A5YUTA1F,4,gaming,gaming,r/gaming,r/pcgaming,r/truegaming
A5YUTA1F,5,furries,furries,r/furry,r/furry_irl,r/fursuit
A5YUTA1F,6,fails,fails,r/fail,r/therewasanattempt,r/PublicFreakout
A5YUTA1F,7,politics,politics,r/politics,r/politicaldiscussion,r/worldnews
A5YUTA1F,8,funny,funny,r/funny,r/Comedy,r/AskReddit
A5YUTA1F,9,art,art,r/art,r/illustration,r/ArtHistory
A5YUTA1F,10,erotica,erotica,r/erotica,r/eroticauthors,r/sex
A5YUTA1F,11,opinions,opinions,r/unpopularopinion,r/TrueOffMyChest,r/AskReddit
A5YUTA1F,12,guidance/help,help,r/advice,r/selfimprovement,r/TooAfraidToAsk
A5YUTA1F,13,hot takes,hot takes,r/unpopularopinion,r/changemyview,r/TrueOffMyChest
A5YUTA1F,14,controversy,controversy,r/SubredditDrama,r/OutOfTheLoop,r/news
A5YUTA1F,15,environment,environment,r/environment,r/climate,r/sustainability
A5YUTA1F,16,perspectives,perspectives,r/changemyview,r/DeepThoughts,r/AskReddit
AJVNZ9CE,1,news,news,r/news,r/worldnews,r/politics
AJVNZ9CE,2,pop culture,pop culture,r/popculture,r/entertainment,r/movies
AJVNZ9CE,3,opinion pieces,opinion pieces,r/changemyview,r/TrueOffMyChest,r/UnpopularOpinion
AJVNZ9CE,4,art,art,r/art,r/illustration,r/ArtHistory
AJVNZ9CE,5,travel,travel,r/travel,r/solotravel,r/backpacking
AJVNZ9CE,6,technology,technology,r/technology,r/futurology,r/gadgets
AJVNZ9CE,7,advice,advice,r/advice,r/AskReddit,r/selfimprovement
AJVNZ9CE,8,humor,humor,r/funny,r/Comedy,r/memes
AWO2EA8Q,1,medicine especially emergency medicine,emergency medicine,r/medicine,r/emergencymedicine,r/AskDocs
AWO2EA8Q,2,musical theater,musical theater,r/musicals,r/Broadway,r/Theatre
AWO2EA8Q,3,cooking/baking,cooking,r/cooking,r/baking,r/recipes
AWO2EA8Q,4,nyc,New York City,r/nyc,r/AskNYC,r/newyorkcity
AWO2EA8Q,5,tv shows,TV shows,r/television,r/Netflix,r/TVDetails
B3MZX5TF,1,homework help,homework help,r/HomeworkHelp,r/learnmath,r/AskAcademia
B3MZX5TF,2,general advice,general advice,r/advice,r/selfimprovement,r/AskReddit
BF3MN8ZR,1,information,information,r/explainlikeimfive,r/todayilearned,r/AskReddit
BF3MN8ZR,2,guidance,guidance,r/advice,r/selfimprovement,r/TooAfraidToAsk
BF3MN8ZR,3,community,community,r/AskReddit,r/casualconversation,r/DecidingToBeBetter
BF3MN8ZR,4,learning,learning,r/education,r/learnprogramming,r/AskAcademia
BWQ1ZSYD,1,advice,advice,r/advice,r/relationship_advice,r/selfimprovement
BWQ1ZSYD,2,perspectives,perspectives,r/changemyview,r/AskReddit,r/DeepThoughts
BWQ1ZSYD,3,how to learn something,learning,r/learnprogramming,r/education,r/AskAcademia
CI6QQA2Y,1,humor,humor,r/funny,r/memes,r/Comedy
CI6QQA2Y,2,message,messaging,r/self,r/TrueReddit,r/CasualConversation
CI6QQA2Y,3,Entertainment,entertainment,r/entertainment,r/movies,r/television
CI6QQA2Y,4,Applicable to me,relatable content,r/me_irl,r/self,r/CasualConversation
CI6QQA2Y,5,smooth flowing,readability,r/writing,r/grammar,r/EnglishLearning
CI6QQA2Y,6,create a visual picture,descriptive writing,r/writing,r/creativewriting,r/worldbuilding
CI6QQA2Y,7,readability,readability,r/writing,r/grammar,r/EnglishLearning
CI6QQA2Y,8,not full of jargon,plain language,r/explainlikeimfive,r/NoStupidQuestions,r/AskReddit
DUBYYHYX,1,geopolitics,geopolitics,r/geopolitics,r/worldnews,r/geopoliticaldiscussion
DUBYYHYX,2,natural science,natural science,r/science,r/askscience,r/EverythingScience
DUBYYHYX,3,math,mathematics,r/math,r/learnmath,r/askmath
DUBYYHYX,4,philosophy,philosophy,r/philosophy,r/askphilosophy,r/TrueReddit
DUBYYHYX,5,neuroscience,neuroscience,r/neuroscience,r/askscience,r/biology
DUBYYHYX,6,Arabic,arabic language,r/learn_arabic,r/arabic,r/languagelearning
DUBYYHYX,7,linguistics,linguistics,r/linguistics,r/asklinguistics,r/languagelearning
DUBYYHYX,8,gender theory,gender studies,r/genderstudies,r/Feminism,r/lgbt
DUBYYHYX,9,sociology,sociology,r/sociology,r/asksocialscience,r/TrueReddit
DUBYYHYX,10,"rationality, behavior, and choice",behavioral science,r/behavioraleconomics,r/psychology,r/slatestarcodex
DUBYYHYX,11,crafts,crafts,r/crafts,r/DIY,r/handmade
DUBYYHYX,12,diy projects,DIY,r/DIY,r/howto,r/homeimprovement
DUBYYHYX,13,tutorials of all kinds,tutorials,r/tutorials,r/howto,r/DIY
DUBYYHYX,14,cooking/baking,cooking,r/cooking,r/baking,r/recipes
DUBYYHYX,15,creative writing,creative writing,r/writing,r/creativewriting,r/writingprompts
EA8GWQDV,1,running,running,r/running,r/advancedrunning,r/fitness
EA8GWQDV,2,injury prevention,injury prevention,r/physicaltherapy,r/running,r/fitness
EA8GWQDV,3,health benefits,health benefits,r/fitness,r/health,r/nutrition
EA8GWQDV,4,community,community,r/running,r/fitness,r/DecidingToBeBetter
ESNMRF10,1,language learning,language learning,r/languagelearning,r/linguistics,r/learnprogramming
ESNMRF10,2,star wars,star wars,r/StarWars,r/StarWarsCantina,r/movies
ESNMRF10,3,cats,cats,r/cats,r/aww,r/CatAdvice
ESNMRF10,4,news,news,r/news,r/worldnews,r/OutOfTheLoop
ESNMRF10,5,stories,stories,r/shortstories,r/nosleep,r/WritingPrompts
ESNMRF10,6,travel,travel,r/travel,r/solotravel,r/backpacking
ESNMRF10,7,video games,video games,r/gaming,r/pcgaming,r/truegaming
ESNMRF10,8,humor,humor,r/funny,r/memes,r/Comedy
ESNMRF10,9,animals,animals,r/aww,r/animals,r/nature
ESNMRF10,10,video essays,video essays,r/videoessay,r/TrueFilm,r/youtube
ESNMRF10,11,strategy games,strategy games,r/strategy,r/gaming,r/boardgames
ESNMRF10,12,history,history,r/history,r/AskHistorians,r/TrueHistory
ESNMRF10,13,drama,drama,r/television,r/entertainment,r/popculture
ESNMRF10,14,biology,biology,r/biology,r/askscience,r/science
ESNMRF10,15,dinosaurs,dinosaurs,r/paleontology,r/dinosaurs,r/science
ESNMRF10,16,movies,movies,r/movies,r/TrueFilm,r/entertainment
FDULT82W,1,news,news,r/news,r/worldnews,r/politics
FDULT82W,2,current events,current events,r/news,r/worldnews,r/OutOfTheLoop
FDULT82W,3,art,art,r/art,r/illustration,r/ArtistLounge
FDULT82W,4,art careers,art careers,r/artcareer,r/ArtistLounge,r/careerguidance
FDULT82W,5,history,history,r/history,r/AskHistorians,r/TrueHistory
FDULT82W,6,drama,drama,r/television,r/entertainment,r/popculture
FJYUEQN8,1,Games,games,r/gaming,r/boardgames,r/videogames
FJYUEQN8,2,Video Games,video games,r/gaming,r/pcgaming,r/truegaming
FJYUEQN8,3,Movies,movies,r/movies,r/TrueFilm,r/moviesuggestions
FJYUEQN8,4,TV Shows,tv shows,r/television,r/Netflix,r/TVDetails
FJYUEQN8,5,Food,food,r/food,r/foodporn,r/cooking
FJYUEQN8,6,Cuisine types,cuisine,r/cooking,r/AskCulinary,r/recipes
FJYUEQN8,7,Stories,stories,r/stories,r/nosleep,r/writing
FJYUEQN8,8,Blog-type posts,blogs,r/blog,r/self,r/writing
FJYUEQN8,9,Jokes,jokes,r/Jokes,r/funny,r/dadjokes
FYE2JV3H,1,video games,video games,r/gaming,r/pcgaming,r/truegaming
FYE2JV3H,2,stories,stories,r/shortstories,r/nosleep,r/WritingPrompts
FYE2JV3H,3,drama,drama,r/television,r/entertainment,r/TrueOffMyChest
FYE2JV3H,4,vlogs,vlogs,r/vlog,r/youtube,r/InternetCulture
FYE2JV3H,5,food videos,food videos,r/food,r/cooking,r/FoodPorn
G8B6AJJV,1,running,running,r/running,r/advancedrunning,r/fitness
G8B6AJJV,2,fitness,fitness,r/fitness,r/running,r/bodyweightfitness
G8B6AJJV,3,reality tv,reality tv,r/television,r/popculture,r/entertainment
G8B6AJJV,4,local news,local news,r/news,r/localnews,r/yourcity
G8B6AJJV,5,philadelphia news,philadelphia news,r/philadelphia,r/news,r/pennsylvania
G8B6AJJV,6,real housewives,real housewives,r/BravoRealHousewives,r/television,r/popculture
G8B6AJJV,7,long form articles,long form articles,r/Longreads,r/TrueReddit,r/AskReddit
G8B6AJJV,8,non fiction articles,non fiction articles,r/TrueReddit,r/Longreads,r/books
G8B6AJJV,9,dogs,dogs,r/dogs,r/aww,r/dogtraining
GNLFFB4P,1,travel,travel,r/travel,r/solotravel,r/backpacking
GNLFFB4P,2,sports,sports,r/sports,r/nba,r/soccer
GNLFFB4P,3,food,food,r/food,r/cooking,r/recipes
GNLFFB4P,4,recipes,recipes,r/recipes,r/cooking,r/food
GNLFFB4P,5,fashion,fashion,r/fashion,r/malefashionadvice,r/femalefashionadvice
GNLFFB4P,6,local lifestyle content,lifestyle,r/lifestyle,r/CasualConversation,r/self
H6D2C4VR,1,anime,anime,r/anime,r/animesuggest,r/manga
H6D2C4VR,2,math,math,r/math,r/learnmath,r/mathmemes
H6D2C4VR,3,politics,politics,r/politics,r/politicaldiscussion,r/worldnews
HCBTBYHS,1,art,art,r/art,r/ArtistLounge,r/drawing
HCBTBYHS,2,plant-based,plant-based diet,r/plantbaseddiet,r/vegan,r/vegetarian
HCBTBYHS,3,food,food,r/food,r/cooking,r/recipes
HCBTBYHS,4,Spanish language,spanish language,r/learnspanish,r/languagelearning,r/Spanish
HCBTBYHS,5,humor,humor,r/funny,r/memes,r/Comedy
HCBTBYHS,6,queer,queer topics,r/lgbt,r/asktransgender,r/LGBTnews
HCBTBYHS,7,nature,nature,r/nature,r/NatureIsFuckingLit,r/animals
HCBTBYHS,8,reviews,reviews,r/reviews,r/movies,r/books
HZP27937,1,reading,reading,r/books,r/literature,r/booksuggestions
HZP27937,2,social media,social media,r/socialmedia,r/InternetCulture,r/AskReddit
IEOJ1IW3,1,lore theories,lore,r/FanTheories,r/gaming,r/movies
IEOJ1IW3,2,content leaks,leaks,r/GamingLeaksAndRumours,r/Leaks,r/technology
IEOJ1IW3,3,discussion posts,discussion,r/TrueReddit,r/AskReddit,r/CasualConversation
IEOJ1IW3,4,answers to questions,Q&A,r/AskReddit,r/NoStupidQuestions,r/explainlikeimfive
IEOJ1IW3,5,statistical data,data,r/dataisbeautiful,r/statistics,r/analytics
IEOJ1IW3,6,guides,guides,r/guides,r/howto,r/DIY
IN92PH3J,1,memes,memes,r/memes,r/dankmemes,r/ComedyCemetery
IN92PH3J,2,sports,sports,r/sports,r/nfl,r/soccer
IN92PH3J,3,gaming,gaming,r/gaming,r/pcgaming,r/truegaming
IN92PH3J,4,pc gaming community,pc gaming,r/pcgaming,r/gaming,r/truegaming
IN92PH3J,5,modding,modding,r/pcgaming,r/gaming,r/SkyrimMods
IN92PH3J,6,hacking,hacking,r/netsec,r/hacking,r/cybersecurity
IRFHWRXF,1,reading,reading,r/books,r/booksuggestions,r/literature
IRFHWRXF,2,writing,writing,r/writing,r/writingprompts,r/writers
IRFHWRXF,3,singing,singing,r/singing,r/karaoke,r/music
IRFHWRXF,4,theater,theater,r/theatre,r/broadway,r/acting
IRFHWRXF,5,travel,travel,r/travel,r/solotravel,r/backpacking
IRFHWRXF,6,hikes,hikes,r/hiking,r/outdoors,r/nature
IRFHWRXF,7,college,college,r/college,r/ApplyingToCollege,r/AskAcademia
IRFHWRXF,8,relationship goals,relationship goals,r/relationships,r/relationship_advice,r/dating
IRFHWRXF,9,relationship advice and tips,relationship advice,r/relationship_advice,r/relationships,r/dating_advice
IRFHWRXF,10,crochet patterns,crochet patterns,r/crochet,r/craft,r/knitting
IRFHWRXF,11,outfit inspiration,outfit inspiration,r/fashion,r/malefashionadvice,r/streetwear
IRFHWRXF,12,cooking,cooking,r/cooking,r/food,r/recipes
IRFHWRXF,13,baking,baking,r/Baking,r/food,r/bakingrecipes
IRFHWRXF,14,food,food,r/food,r/FoodPorn,r/cooking
IRFHWRXF,15,relatable content,relatable content,r/relatable,r/memes,r/AskReddit
IRFHWRXF,16,mental health content,mental health content,r/mentalhealth,r/depression,r/selfimprovement
J8N7DCDH,1,drama,drama,r/television,r/movies,r/TrueFilm
J8N7DCDH,2,news,news,r/news,r/worldnews,r/OutOfTheLoop
J8N7DCDH,3,fantasy,fantasy,r/Fantasy,r/worldbuilding,r/books
J8N7DCDH,4,learning,learning,r/learn,r/todayilearned,r/education
JDVDZARM,1,horror,horror,r/horror,r/nosleep,r/movies
JDVDZARM,2,knitting,knitting,r/knitting,r/crochet,r/crafts
JDVDZARM,3,comedy,comedy,r/funny,r/Comedy,r/standup
JDVDZARM,4,crime,crime,r/TrueCrime,r/UnresolvedMysteries,r/crime
JDVDZARM,5,crochet,crochet,r/crochet,r/knitting,r/crafts
JDVDZARM,6,grading,grading,r/Teachers,r/education,r/AskAcademia
JDVDZARM,7,politics,politics,r/politics,r/politicaldiscussion,r/worldnews
JEW0DH9D,1,travel,travel,r/travel,r/solotravel,r/backpacking
JIMIPV7S,1,outdoors,outdoors,r/outdoors,r/hiking,r/nature
JIMIPV7S,2,movies and shows I like,movies and shows I like,r/movies,r/television,r/entertainment
JIMIPV7S,3,history,history,r/history,r/AskHistorians,r/historymemes
JIMIPV7S,4,educational content,educational content,r/education,r/edutainment,r/YouTubeEducation
JIMIPV7S,5,memes,memes,r/memes,r/dankmemes,r/ComedyCemetery
JIMIPV7S,6,brainrot,brainrot,r/brainrot,r/196,r/copypasta
JIMIPV7S,7,music,music,r/music,r/listentothis,r/WeAreTheMusicWeMake
K6LTYZJH,1,celebrity news,celebrity news,r/Fauxmoi,r/popculture,r/entertainment
K6LTYZJH,2,fashion,fashion,r/fashion,r/malefashionadvice,r/femalefashionadvice
K6LTYZJH,3,cooking,cooking,r/cooking,r/recipes,r/AskCulinary
KMXD4OZC,1,chinese,chinese,r/ChineseLanguage,r/China,r/languagelearning
KMXD4OZC,2,books,books,r/books,r/literature,r/booksuggestions
KMXD4OZC,3,literature,literature,r/literature,r/books,r/TrueLit
KMXD4OZC,4,book reviews,book reviews,r/books,r/bookreviews,r/booksuggestions
KMXD4OZC,5,literary analysis,literary analysis,r/literature,r/AskLiteraryStudies,r/books
KMXD4OZC,6,spanish,spanish,r/Spanish,r/learnspanish,r/languagelearning
KMXD4OZC,7,latino authors,latino authors,r/books,r/LatinoLit,r/literature
KMXD4OZC,8,feminism,feminism,r/feminism,r/TwoXChromosomes,r/AskFeminists
KZ9S5MPC,1,me_irl,memes,r/me_irl,r/memes,r/dankmemes
KZ9S5MPC,2,entertainment,entertainment,r/entertainment,r/movies,r/television
KZ9S5MPC,3,learning,learning,r/learn,r/todayilearned,r/education
KZ9S5MPC,4,fantasy,fantasy,r/Fantasy,r/worldbuilding,r/ImaginaryLandscapes
KZ9S5MPC,5,news,news,r/news,r/worldnews,r/OutOfTheLoop
KZ9S5MPC,6,foreign affairs,international relations,r/geopolitics,r/worldnews,r/internationalrelations
KZ9S5MPC,7,famous people,celebrities,r/celebrity,r/popculture,r/Fauxmoi
KZ9S5MPC,8,comedy,comedy,r/funny,r/standupcomedy,r/comedy
KZ9S5MPC,9,health,health,r/health,r/AskDocs,r/fitness
KZ9S5MPC,10,book recommendations,books,r/books,r/suggestmeabook,r/bookrecommendations
KZ9S5MPC,11,card games,card games,r/cardgames,r/magicTCG,r/hearthstone
KZ9S5MPC,12,video games,video games,r/gaming,r/pcgaming,r/videogames
KZ9S5MPC,13,recommendations,recommendations,r/AskReddit,r/suggestmeabook,r/moviesuggestions
KZ9S5MPC,14,TV shows,TV shows,r/television,r/Netflix,r/TVDetails
LJSMGNV0,1,news,news,r/news,r/worldnews,r/politics
LJSMGNV0,2,current events,current events,r/worldnews,r/news,r/OutOfTheLoop
LJSMGNV0,3,literary fiction,literary fiction,r/literature,r/books,r/TrueLit
LJSMGNV0,4,stories,stories,r/shortstories,r/nosleep,r/WritingPrompts
LN8REBYY,1,learning,learning,r/learn,r/selfimprovement,r/education
LN8REBYY,2,keeping UTD,keeping up to date,r/news,r/worldnews,r/OutOfTheLoop
LN8REBYY,3,laughing,humor,r/funny,r/memes,r/Comedy
LN8REBYY,4,perspective,perspectives,r/changemyview,r/TrueReddit,r/philosophy
LN8REBYY,5,exposure,exploration,r/interestingasfuck,r/todayilearned,r/Damnthatsinteresting
LN8REBYY,6,to,general,r/AskReddit,r/CasualConversation,r/NoStupidQuestions
LN8REBYY,7,other,other topics,r/misc,r/AskReddit,r/CasualConversation
LN8REBYY,8,worlds,world topics,r/worldnews,r/geography,r/globaltalk
LN8REBYY,9,deepen,deep learning,r/DepthHub,r/TrueReddit,r/AskHistorians
LN8REBYY,10,knowedge,knowledge,r/education,r/askscience,r/todayilearned
LUKGQM9Q,1,Information about niche topics I cannot find an answer too,niche topics,r/AskReddit,r/NoStupidQuestions,r/explainlikeimfive
MCYP84X4,1,sports,sports,r/sports,r/nfl,r/soccer
MCYP84X4,2,cooking,cooking,r/cooking,r/recipes,r/food
MCYP84X4,3,skiing,skiing,r/skiing,r/snowboarding,r/outdoors
MCYP84X4,4,latin,latin,r/latin,r/classics,r/languagelearning
N9V0QKO1,1,latin,latin,r/latin,r/languagelearning,r/classics
N9V0QKO1,2,classics,classics,r/classics,r/literature,r/TrueLit
N9V0QKO1,3,ancient greek,ancient greek,r/AncientGreek,r/classics,r/languagelearning
N9V0QKO1,4,japanese,japanese,r/LearnJapanese,r/japanese,r/languagelearning
N9V0QKO1,5,old persian,old persian,r/linguistics,r/history,r/languagelearning
N9V0QKO1,6,skits,skits,r/skits,r/acting,r/comedy
NHCBLFL1,1,comedy,comedy,r/funny,r/standupcomedy,r/comedy
NHCBLFL1,2,stories,stories,r/stories,r/nosleep,r/writing
NHCBLFL1,3,interviews,interviews,r/IAmA,r/podcasts,r/videos
NHCBLFL1,4,interesting acedemic findings,academic research,r/science,r/academia,r/EverythingScience
NHCBLFL1,5,psychogy,psychology,r/psychology,r/askpsychology,r/mentalhealth
NHCBLFL1,6,history,history,r/history,r/AskHistorians,r/HistoryPorn
NHCBLFL1,7,science,science,r/science,r/askscience,r/EverythingScience
NHCBLFL1,8,fiction,fiction,r/books,r/Fantasy,r/writing
NHCBLFL1,9,sci fi,science fiction,r/scifi,r/Fantasy,r/books
NHCBLFL1,10,fantacy,fantasy,r/Fantasy,r/worldbuilding,r/books
NHCBLFL1,11,romance,romance,r/romancebooks,r/books,r/literature
NHCBLFL1,12,news,news,r/news,r/worldnews,r/OutOfTheLoop
NRXHKYAS,1,current events,current events,r/news,r/worldnews,r/OutOfTheLoop
NRXHKYAS,2,games,games,r/gaming,r/pcgaming,r/truegaming
NRXHKYAS,3,philosophy,philosophy,r/philosophy,r/askphilosophy,r/DeepThoughts
NRXHKYAS,4,medicine,medicine,r/medicine,r/AskDocs,r/health
NRXHKYAS,5,psychology,psychology,r/psychology,r/askpsychology,r/selfimprovement
NXGNLGFN,1,news,news,r/news,r/worldnews,r/OutOfTheLoop
NXGNLGFN,2,sports,sports,r/sports,r/nba,r/soccer
NXGNLGFN,3,humor,humor,r/funny,r/memes,r/Comedy
NXGNLGFN,4,friendship,friendship,r/friendship,r/CasualConversation,r/socialskills
NZ8ZTZHG,1,information,information,r/AskReddit,r/explainlikeimfive,r/todayilearned
NZ8ZTZHG,2,articles,articles,r/articles,r/news,r/worldnews
NZ8ZTZHG,3,books,books,r/books,r/literature,r/booksuggestions
NZ8ZTZHG,4,memes,memes,r/memes,r/dankmemes,r/ComedyCemetery
NZ8ZTZHG,5,subtitles,subtitles,r/movies,r/television,r/languagelearning
NZ8ZTZHG,6,school work,school work,r/HomeworkHelp,r/learnmath,r/AskAcademia
NZ8ZTZHG,7,music,music,r/music,r/listentothis,r/WeAreTheMusicWeMake
NZ8ZTZHG,8,gaming,gaming,r/gaming,r/pcgaming,r/truegaming
NZ8ZTZHG,9,cinematography,cinematography,r/Filmmakers,r/cinematography,r/movies
O4NB1X6B,1,news,news,r/news,r/worldnews,r/OutOfTheLoop
O4NB1X6B,2,politics,politics,r/politics,r/PoliticalDiscussion,r/worldnews
O4NB1X6B,3,movies,movies,r/movies,r/TrueFilm,r/moviesuggestions
O4NB1X6B,4,books,books,r/books,r/suggestmeabook,r/literature
O4NB1X6B,5,economics,economics,r/economics,r/askeconomics,r/investing
O4NB1X6B,6,finance,finance,r/personalfinance,r/investing,r/FinancialPlanning
O4NB1X6B,7,stocks,stocks,r/stocks,r/wallstreetbets,r/investing
O4NB1X6B,8,youtube,youtube,r/youtube,r/NewTubers,r/videos
O4NB1X6B,9,social media,social media,r/socialmedia,r/technology,r/internetisbeautiful
O4NB1X6B,10,travel,travel,r/travel,r/solotravel,r/backpacking
O4NB1X6B,11,shopping,shopping,r/shopping,r/deals,r/frugal
O4NB1X6B,12,environment,environment,r/environment,r/climate,r/sustainability
O4NB1X6B,13,food,food,r/food,r/cooking,r/recipes
O4NB1X6B,14,job,careers,r/jobs,r/careerguidance,r/resumes
O4NB1X6B,15,tv,television,r/television,r/Netflix,r/TVDetails
O4NB1X6B,16,influencer,influencers,r/Influencers,r/socialmedia,r/youtube
OEQ7A3BW,1,pop culture,pop culture,r/popculture,r/entertainment,r/movies
OEQ7A3BW,2,intellectual conversation,intellectual conversation,r/changemyview,r/askphilosophy,r/DeepThoughts
OEQ7A3BW,3,world news,world news,r/worldnews,r/news,r/politics
OEQ7A3BW,4,hot takes,hot takes,r/unpopularopinion,r/changemyview,r/TrueOffMyChest
OUSZQD8K,1,videogames,videogames,r/gaming,r/pcgaming,r/truegaming
OUSZQD8K,2,media,media,r/popculture,r/entertainment,r/movies
OUSZQD8K,3,books,books,r/books,r/literature,r/booksuggestions
OUSZQD8K,4,online communities,online communities,r/InternetCulture,r/AskReddit,r/casualconversation
OX30M9NX,1,humor,humor,r/funny,r/memes,r/Comedy
OX30M9NX,2,relaxation,relaxation,r/decidingtobebetter,r/selfimprovement,r/meditation
OX30M9NX,3,information,information,r/explainlikeimfive,r/todayilearned,r/AskScience
OX30M9NX,4,familiarity,familiarity,r/AskReddit,r/relationships,r/socialskills
OX30M9NX,5,relatability,relatability,r/relatable,r/memes,r/AskReddit
OX30M9NX,6,learning,learning,r/education,r/learnprogramming,r/AskAcademia
OX30M9NX,7,discovery,discovery,r/InternetIsBeautiful,r/YouShouldKnow,r/todayilearned
OX30M9NX,8,interests,interests,r/AskReddit,r/casualconversation,r/explainlikeimfive
OX30M9NX,9,curiosity,curiosity,r/askscience,r/explainlikeimfive,r/OutOfTheLoop
OX30M9NX,10,self-rectification,self-rectification,r/selfimprovement,r/decidingtobebetter,r/advice
OX30M9NX,11,worldliness,worldliness,r/worldnews,r/geography,r/AskHistorians
PBNU471N,1,Barca,barca,r/soccer,r/barca,r/football
PBNU471N,2,College,college,r/college,r/ApplyingToCollege,r/AskAcademia
PLC36LSR,1,local,local,r/news,r/localnews,r/yourcity
PLC36LSR,2,news,news,r/news,r/worldnews,r/OutOfTheLoop
PLC36LSR,3,stories,stories,r/shortstories,r/nosleep,r/WritingPrompts
PLC36LSR,4,politics,politics,r/politics,r/politicaldiscussion,r/worldnews
PLC36LSR,5,health,health,r/health,r/fitness,r/AskDocs
PLC36LSR,6,science,science,r/science,r/askscience,r/todayilearned
PLC36LSR,7,neuroscience,neuroscience,r/neuroscience,r/askscience,r/psychology
PLC36LSR,8,advice,advice,r/advice,r/selfimprovement,r/relationship_advice
PLW1S0CA,1,fiction,fiction,r/books,r/literature,r/fantasy
PLW1S0CA,2,fantasy,fantasy,r/fantasy,r/worldbuilding,r/books
PLW1S0CA,3,history,history,r/history,r/AskHistorians,r/TrueHistory
PLW1S0CA,4,fanfiction,fanfiction,r/FanFiction,r/writingprompts,r/books
PLW1S0CA,5,soccer,soccer,r/soccer,r/football,r/sports
PLW1S0CA,6,Minecraft,minecraft,r/Minecraft,r/gaming,r/MCPE
PLW1S0CA,7,D&D,d&d,r/DnD,r/dndnext,r/boardgames
PLW1S0CA,8,feminism biology,feminist biology,r/biology,r/feminism,r/askscience
PLW1S0CA,9,Tumblr,tumblr,r/tumblr,r/InternetCulture,r/memes
PLW1S0CA,10,a capella,a capella,r/Acapella,r/music,r/singing
Q3MFUDV9,1,conversation skills,communication,r/socialskills,r/communication,r/selfimprovement
Q3MFUDV9,2,cultural understanding,culture,r/culture,r/AskAnthropology,r/TrueReddit
Q3MFUDV9,3,foreign perspectives,global perspectives,r/worldnews,r/geopolitics,r/TrueReddit
QGT05169,1,vocabulary,vocabulary,r/etymology,r/vocabulary,r/languagelearning
QGT05169,2,culture,culture,r/culture,r/anthropology,r/AskAnthropology
QGT05169,3,slang in the language,slang,r/linguistics,r/etymology,r/LanguageTechnology
RLHDN7YZ,1,People's experiences,people experiences,r/AskReddit,r/TrueOffMyChest,r/relationships
RLHDN7YZ,2,Interviews,interviews,r/interviews,r/jobs,r/careerguidance
RLHDN7YZ,3,Things in the news,things in the news,r/news,r/worldnews,r/OutOfTheLoop
RS0Z27EB,1,fiction,fiction,r/books,r/literature,r/TrueLit
RS0Z27EB,2,sci fi,sci fi,r/scifi,r/sciencefiction,r/books
RS0Z27EB,3,historical,historical,r/history,r/AskHistorians,r/TrueHistory
RS0Z27EB,4,environment,environment,r/environment,r/climate,r/sustainability
RS0Z27EB,5,polar regions,polar regions,r/geography,r/arctic,r/nature
S30LA614,1,fiction,fiction,r/books,r/literature,r/TrueLit
S30LA614,2,politics,politics,r/politics,r/politicaldiscussion,r/worldnews
S30LA614,3,fashion,fashion,r/fashion,r/streetwear,r/malefashionadvice
S30LA614,4,food,food,r/food,r/cooking,r/recipes
S30LA614,5,creation,creation,r/creativity,r/writing,r/ArtistLounge
S30LA614,6,current events,current events,r/news,r/worldnews,r/OutOfTheLoop
S30LA614,7,science,science,r/science,r/askscience,r/todayilearned
S30LA614,8,writing,writing,r/writing,r/writingprompts,r/writers
S87Q76NA,1,sports,sports,r/sports,r/nba,r/soccer
S87Q76NA,2,fantasy,fantasy,r/Fantasy,r/worldbuilding,r/books
S87Q76NA,3,board games,board games,r/boardgames,r/tabletop,r/gaming
S87Q76NA,4,card games,card games,r/cardgames,r/magicTCG,r/hearthstone
S87Q76NA,5,frisbee,ultimate frisbee,r/ultimate,r/frisbee,r/sports
S87Q76NA,6,politics,politics,r/politics,r/PoliticalDiscussion,r/worldnews
SENRROOG,1,Eurovision,Eurovision,r/eurovision,r/popculture,r/music
SENRROOG,2,politics,politics,r/politics,r/politicaldiscussion,r/worldnews
SENRROOG,3,movies,movies,r/movies,r/TrueFilm,r/entertainment
SENRROOG,4,oscars,oscars,r/Oscars,r/movies,r/entertainment
SENRROOG,5,award shows,award shows,r/entertainment,r/popculture,r/television
SENRROOG,6,food,food,r/food,r/cooking,r/FoodPorn
SENRROOG,7,gaming,gaming,r/gaming,r/truegaming,r/pcgaming
SENRROOG,8,comedy,comedy,r/Comedy,r/funny,r/standup
SENRROOG,9,board games,board games,r/boardgames,r/tabletop,r/DnD
SENRROOG,10,media commentary,media commentary,r/popculture,r/television,r/movies
SENRROOG,11,pop culture,pop culture,r/popculture,r/entertainment,r/movies
SENRROOG,12,geography,geography,r/geography,r/Maps,r/worldnews
SENRROOG,13,local news (boston or quincy ma),local news,r/boston,r/massachusetts,r/news
SENRROOG,14,musicals,musicals,r/Broadway,r/theatre,r/musicals
SENRROOG,15,music,music,r/music,r/listentothis,r/popheads
T6E9EPOZ,1,Literature,literature,r/books,r/literature,r/TrueLit
T6E9EPOZ,2,Writing,writing,r/writing,r/creativewriting,r/writingprompts
T6E9EPOZ,3,Science,science,r/science,r/askscience,r/EverythingScience
T6E9EPOZ,4,Academia,academia,r/academia,r/gradschool,r/AskAcademia
T6E9EPOZ,5,Language learning,language learning,r/languagelearning,r/duolingo,r/learnlanguages
TPWBA9PZ,1,pets,pets,r/pets,r/aww,r/Animals
TPWBA9PZ,2,philosophy,philosophy,r/philosophy,r/askphilosophy,r/TrueReddit
TPWBA9PZ,3,book clubs,books,r/books,r/bookclub,r/suggestmeabook
U2N1A8VX,1,pop culture,pop culture,r/popculture,r/entertainment,r/Fauxmoi
U2N1A8VX,2,career insights,careers,r/jobs,r/careerguidance,r/resumes
U2N1A8VX,3,health and wellness,health,r/health,r/fitness,r/selfimprovement
U4TQC9J3,1,fiction,fiction,r/books,r/Fantasy,r/writing
U4TQC9J3,2,dreams,dreams,r/Dreams,r/LucidDreaming,r/sleep
U4TQC9J3,3,politics,politics,r/politics,r/PoliticalDiscussion,r/worldnews
U4TQC9J3,4,imagery,visual art,r/art,r/ImaginaryLandscapes,r/pics
U4TQC9J3,5,philosophy,philosophy,r/philosophy,r/askphilosophy,r/TrueReddit
U7RW6MVC,1,slice of life,slice of life,r/CasualConversation,r/self,r/TrueOffMyChest
U7RW6MVC,2,blogging,blogging,r/blogging,r/self,r/writing
U7RW6MVC,3,opinion,opinions,r/unpopularopinion,r/changemyview,r/TrueReddit
U7RW6MVC,4,routine,routine,r/productivity,r/selfimprovement,r/GetMotivated
U7RW6MVC,5,adhd,ADHD,r/ADHD,r/neurodiversity,r/mentalhealth
UIBPJL1Q,1,politics,politics,r/politics,r/politicaldiscussion,r/worldnews
UIBPJL1Q,2,economics,economics,r/economics,r/finance,r/EconomicsHelp
UIBPJL1Q,3,news,news,r/news,r/worldnews,r/OutOfTheLoop
UIBPJL1Q,4,philosophy,philosophy,r/philosophy,r/askphilosophy,r/DeepThoughts
UVAI5SO9,1,linguistics,linguistics,r/linguistics,r/languagelearning,r/etymology
UVAI5SO9,2,oncology,oncology,r/medicine,r/cancer,r/AskDocs
UVAI5SO9,3,music,music,r/music,r/listentothis,r/popheads
VJJ2VCIY,1,dramas,dramas,r/television,r/entertainment,r/movies
VJJ2VCIY,2,reality tv shows,reality tv,r/television,r/popculture,r/entertainment
VJJ2VCIY,3,movies,movies,r/movies,r/TrueFilm,r/entertainment
VJJ2VCIY,4,fictional books,fictional books,r/books,r/literature,r/fantasy
VNHTSXTP,1,jokes,jokes,r/jokes,r/dadjokes,r/Comedy
VNHTSXTP,2,humor,humor,r/funny,r/Comedy,r/memes
VNHTSXTP,3,stories,stories,r/shortstories,r/nosleep,r/WritingPrompts
VNHTSXTP,4,fantasy,fantasy,r/fantasy,r/worldbuilding,r/Fantasy
VNHTSXTP,5,drama,drama,r/television,r/entertainment,r/Drama
VNHTSXTP,6,absurd,absurd,r/196,r/ComedyHeaven,r/Absurdism
VNHTSXTP,7,advice,advice,r/advice,r/AskReddit,r/selfimprovement
VNHTSXTP,8,video games,video games,r/gaming,r/pcgaming,r/truegaming
VNHTSXTP,9,stand up,stand up,r/StandUpComedy,r/comedy,r/Netflix
VNHTSXTP,10,poetry,poetry,r/Poetry,r/OCPoetry,r/PoetrySlam
VNSY2V6A,1,history,history,r/history,r/AskHistorians,r/HistoryPorn
VNSY2V6A,2,philosophy,philosophy,r/philosophy,r/askphilosophy,r/TrueReddit
VNSY2V6A,3,culture,culture,r/culture,r/AskAnthropology,r/TrueReddit
VNSY2V6A,4,vacations,travel,r/travel,r/solotravel,r/backpacking
VNSY2V6A,5,news,news,r/news,r/worldnews,r/OutOfTheLoop
W6Z3Y3K6,1,News,news,r/news,r/worldnews,r/OutOfTheLoop
W6Z3Y3K6,2,Politics,politics,r/politics,r/PoliticalDiscussion,r/worldnews
W6Z3Y3K6,3,Crafts,crafts,r/crafts,r/DIY,r/somethingimade
W6Z3Y3K6,4,Music,music,r/music,r/listentothis,r/WeAreTheMusicMakers
W6Z3Y3K6,5,Science,science,r/science,r/askscience,r/EverythingScience
W6Z3Y3K6,6,Business,business,r/business,r/entrepreneur,r/startups
WU4Q5VLP,1,current events,current events,r/news,r/worldnews,r/OutOfTheLoop
WU4Q5VLP,2,russian,russian,r/russia,r/worldnews,r/geopolitics
WU4Q5VLP,3,german,german,r/Germany,r/languagelearning,r/europe
WU4Q5VLP,4,old languages,old languages,r/linguistics,r/classics,r/history
XAA8CS8F,1,sports,sports,r/sports,r/nba,r/soccer
XAA8CS8F,2,post-grad work,careers,r/jobs,r/careerguidance,r/resumes
XAA8CS8F,3,injury,injury/rehab,r/AskDocs,r/physicaltherapy,r/fitness
XI93MR3J,1,philosophy,philosophy,r/philosophy,r/askphilosophy,r/DeepThoughts
XI93MR3J,2,politics,politics,r/politics,r/politicaldiscussion,r/worldnews
XI93MR3J,3,art,art,r/art,r/ArtHistory,r/illustration
XI93MR3J,4,music,music,r/music,r/listentothis,r/WeAreTheMusicWeMake
XI93MR3J,5,English books/reading,English books/reading,r/books,r/literature,r/booksuggestions
XI93MR3J,6,poems,poems,r/Poetry,r/OCPoetry,r/PoetrySlam
XI93MR3J,7,the process of the creation of art,the process of creation of art,r/ArtistLounge,r/art,r/learnart
XI93MR3J,8,math,math,r/math,r/learnmath,r/mathmemes
XI93MR3J,9,science and interesting facts,science facts,r/askscience,r/science,r/todayilearned
XI93MR3J,10,history of math,history of math,r/math,r/history,r/AskHistorians
XI93MR3J,11,life advice,life advice,r/selfimprovement,r/advice,r/GetMotivated
XI93MR3J,12,travel content,travel content,r/travel,r/solotravel,r/backpacking
XI93MR3J,13,study of languages,language study,r/languagelearning,r/linguistics,r/learnspanish
XI93MR3J,14,inspirational stories,inspirational stories,r/GetMotivated,r/DecidingToBeBetter,r/shortstories
XI93MR3J,15,analysis of the news,news analysis,r/changemyview,r/news,r/politicaldiscussion
XI93MR3J,16,analysis of movies/shows,media analysis,r/movies,r/TrueFilm,r/television
XI93MR3J,17,travel,travel,r/travel,r/solotravel,r/backpacking
XI93MR3J,18,new countries,new countries,r/travel,r/geography,r/Maps
XI93MR3J,19,feminist content,feminist content,r/feminism,r/TwoXChromosomes,r/AskFeminists
XI93MR3J,20,feminism,feminism,r/feminism,r/TwoXChromosomes,r/AskFeminists
XI93MR3J,21,patriarchy,patriarchy,r/feminism,r/AskFeminists,r/TwoXChromosomes
XILQXDX5,1,neuroscience,neuroscience,r/neuroscience,r/askscience,r/biology
XILQXDX5,2,pharmacology,pharmacology,r/pharmacology,r/askscience,r/biology
XILQXDX5,3,chemistry,chemistry,r/chemistry,r/askscience,r/science
XILQXDX5,4,nature,nature,r/nature,r/NatureIsFuckingLit,r/animals
XILQXDX5,5,environment,environment,r/environment,r/climate,r/sustainability
XILQXDX5,6,technology,technology,r/technology,r/Futurology,r/gadgets
XILQXDX5,7,drug development,drug development,r/pharmacology,r/biology,r/science
XILQXDX5,8,chinese,chinese language,r/ChineseLanguage,r/languagelearning,r/learnchinese
XILQXDX5,9,video games,video games,r/gaming,r/pcgaming,r/videogames
XILQXDX5,10,news,news,r/news,r/worldnews,r/OutOfTheLoop
XILQXDX5,11,poetry,poetry,r/Poetry,r/OCPoetry,r/poetry_critics
XILQXDX5,12,tutorials,tutorials,r/tutorials,r/howto,r/DIY
XILQXDX5,13,educational content,education,r/education,r/todayilearned,r/askscience
XILQXDX5,14,venting,venting,r/TrueOffMyChest,r/offmychest,r/self
XILQXDX5,15,therapy,therapy,r/therapy,r/mentalhealth,r/selfimprovement
XILQXDX5,16,self-help,self improvement,r/selfimprovement,r/GetMotivated,r/productivity
XILQXDX5,17,adhd,ADHD,r/ADHD,r/neurodiversity,r/mentalhealth
XILQXDX5,18,depression,depression,r/depression,r/mentalhealth,r/selfhelp
XJF7RLTQ,1,culture,culture,r/culture,r/AskAnthropology,r/TrueReddit
XJF7RLTQ,2,gossip,gossip,r/Fauxmoi,r/popculture,r/entertainment
XJF7RLTQ,3,social media trends,social media,r/socialmedia,r/technology,r/internetisbeautiful
XJF7RLTQ,4,slang,slang,r/linguistics,r/languagelearning,r/EnglishLearning
XJF7RLTQ,5,grammar,grammar,r/grammar,r/EnglishLearning,r/writing
XJF7RLTQ,6,pronounciation,pronunciation,r/languagelearning,r/EnglishLearning,r/linguistics
XV9JV4CP,1,entertainment,entertainment,r/entertainment,r/movies,r/television
Y0GQPG0K,1,writing,writing,r/writing,r/writingprompts,r/writers
Y0GQPG0K,2,fountain pens,fountain pens,r/fountainpens,r/pens,r/stationery
Y0GQPG0K,3,gaming,gaming,r/gaming,r/pcgaming,r/truegaming
Y0GQPG0K,4,ps5,ps5,r/PS5,r/playstation,r/gaming
Y0GQPG0K,5,politics,politics,r/politics,r/politicaldiscussion,r/worldnews
Y0GQPG0K,6,essays,essays,r/writing,r/Essays,r/academia
Y0GQPG0K,7,reading,reading,r/books,r/literature,r/booksuggestions
Y0GQPG0K,8,books,books,r/books,r/literature,r/booksuggestions
Y0GQPG0K,9,classics,classics,r/literature,r/books,r/TrueLit
Y0GQPG0K,10,economics,economics,r/economics,r/finance,r/EconomicsHelp
Y0GQPG0K,11,psychology,psychology,r/psychology,r/askpsychology,r/selfimprovement
Y0GQPG0K,12,interesting facts,interesting facts,r/todayilearned,r/AskReddit,r/YouShouldKnow
Y0GQPG0K,13,philosophy,philosophy,r/philosophy,r/askphilosophy,r/DeepThoughts
Y0GQPG0K,14,poetry,poetry,r/Poetry,r/OCPoetry,r/PoetrySlam
YDKEN7JY,1,fantasy,fantasy,r/fantasy,r/worldbuilding,r/books
YDKEN7JY,2,sports,sports,r/sports,r/nfl,r/soccer
YDKEN7JY,3,superheroes,superheroes,r/marvel,r/DCcomics,r/comicbooks
YDKEN7JY,4,history,history,r/history,r/AskHistorians,r/TrueHistory
YDKEN7JY,5,art,art,r/art,r/illustration,r/ArtistLounge
YDKEN7JY,6,theatre,theatre,r/theatre,r/Broadway,r/acting
YMQ1DC06,1,stories,stories,r/stories,r/nosleep,r/writing
YMQ1DC06,2,education,education,r/education,r/learn,r/todayilearned
YMQ1DC06,3,learning,learning,r/learn,r/selfimprovement,r/education
YMQ1DC06,4,supernatural,supernatural,r/Paranormal,r/nosleep,r/UnresolvedMysteries
YMQ1DC06,5,advice,advice,r/Advice,r/selfimprovement,r/AskReddit
YMQ1DC06,6,actual events,current events,r/news,r/worldnews,r/OutOfTheLoop
YMQ1DC06,7,philosophical,philosophy,r/philosophy,r/askphilosophy,r/TrueReddit
YMQ1DC06,8,sociological,sociology,r/sociology,r/asksocialscience,r/TrueReddit
YMQ1DC06,9,linguistic,linguistics,r/linguistics,r/asklinguistics,r/languagelearning
YMQ1DC06,10,reading,reading,r/books,r/literature,r/suggestmeabook
YMQ1DC06,11,recommendations,recommendations,r/AskReddit,r/suggestmeabook,r/moviesuggestions
YMQ1DC06,12,different perspectives,perspectives,r/changemyview,r/TrueReddit,r/philosophy
YP5UHRSA,1,opinion,opinions,r/unpopularopinion,r/changemyview,r/TrueReddit
YP5UHRSA,2,advice,advice,r/Advice,r/AskReddit,r/selfimprovement
YP5UHRSA,3,product comparisons,product comparisons,r/BuyItForLife,r/buildapc,r/frugal
YP5UHRSA,4,greater worldview,worldview,r/worldnews,r/geopolitics,r/TrueReddit
YQ5FHGIU,1,Culture,culture,r/culture,r/anthropology,r/AskAnthropology
YQ5FHGIU,2,Comparative Study,comparative study,r/academia,r/AskAcademia,r/linguistics
YQ5FHGIU,3,Evolution,evolution,r/evolution,r/biology,r/askscience
YVQX6LL1,1,Current events,current events,r/news,r/worldnews,r/OutOfTheLoop
YVQX6LL1,2,Pop culture,pop culture,r/popculture,r/entertainment,r/Fauxmoi
YVQX6LL1,3,College,college,r/college,r/ApplyingToCollege,r/GradSchool
ZERL6DH6,1,self help,self help,r/selfimprovement,r/GetMotivated,r/DecidingToBeBetter
ZERL6DH6,2,islam,islam,r/islam,r/religion,r/MuslimLounge
ZERL6DH6,3,fitness,fitness,r/fitness,r/bodyweightfitness,r/nutrition
ZERL6DH6,4,spirituality,spirituality,r/spirituality,r/religion,r/meditation
ZERL6DH6,5,international relations,international relations,r/geopolitics,r/worldnews,r/politics
ZERL6DH6,6,current events,current events,r/news,r/worldnews,r/OutOfTheLoop
ZERL6DH6,7,global culture,global culture,r/culture,r/anthropology,r/worldnews
ZERL6DH6,8,language learning,language learning,r/languagelearning,r/linguistics,r/learnprogramming
ZERL6DH6,9,biographies,biographies,r/books,r/literature,r/biographies
ZERL6DH6,10,education career,education career,r/education,r/AskAcademia,r/careerguidance
ZERL6DH6,11,travel,travel,r/travel,r/solotravel,r/backpacking
ZERL6DH6,12,academic advice,academic advice,r/AskAcademia,r/college,r/education
ZHMH16C4,1,news,news,r/news,r/worldnews,r/OutOfTheLoop
ZHMH16C4,2,politics,politics,r/politics,r/PoliticalDiscussion,r/worldnews
ZHMH16C4,3,environment,environment,r/environment,r/climate,r/sustainability
ZHMH16C4,4,women's rights,women's rights,r/TwoXChromosomes,r/Feminism,r/WomensRights
ZHMH16C4,5,parenting,parenting,r/Parenting,r/Mommit,r/Daddit
ZHMH16C4,6,cooking,cooking,r/cooking,r/recipes,r/AskCulinary
ZHMH16C4,7,recipes,recipes,r/recipes,r/food,r/MealPrepSunday
ZHMH16C4,8,Mississippi politics,state politics,r/mississippi,r/politics,r/PoliticalDiscussion
ZHMH16C4,9,culture,culture,r/culture,r/AskAnthropology,r/TrueReddit
ZHMH16C4,10,human interest,human interest,r/HumansBeingBros,r/UpliftingNews,r/MadeMeSmile
ZHMH16C4,11,spirituality,spirituality,r/spirituality,r/meditation,r/Buddhism
ZHMH16C4,12,storytelling,storytelling,r/stories,r/writing,r/nosleep
ZHMH16C4,13,travel,travel,r/travel,r/solotravel,r/backpacking
ZHMH16C4,14,poetry,poetry,r/Poetry,r/OCPoetry,r/poetry_critics
ZHMH16C4,15,history,history,r/history,r/AskHistorians,r/HistoryPorn
ZYQ1C8LT,1,finance,finance,r/finance,r/personalfinance,r/investing
ZYQ1C8LT,2,money,money,r/personalfinance,r/Frugal,r/financialindependence
ZYQ1C8LT,3,investing,investing,r/investing,r/stocks,r/Bogleheads
