Subject,tag,original_subreddit,corrected_subreddit,alt_subreddit_1,alt_subreddit_2
LN8REBYY,1,foodiesnark,r/foodiesnark,r/blogsnark,r/FoodieSnark
LN8REBYY,2,nycinfluencersnark,r/NYCinfluencersnark,r/blogsnark,r/nyc
LN8REBYY,3,fundiesnarkuncensored,r/FundieSnarkUncensored,r/blogsnark,r/exchristian
LN8REBYY,4,cozyspaces,r/CozyPlaces,r/AmateurRoomPorn,r/interiordesign
LN8REBYY,5,journaling,r/Journaling,r/bulletjournal,r/notebooks
LN8REBYY,6,all,r/all,r/popular,r/trending
LN8REBYY,7,mildlyinteresting,r/mildlyinteresting,r/Damnthatsinteresting,r/interestingasfuck
LN8REBYY,8,blogsnark,r/blogsnark,r/NYCinfluencersnark,r/FundieSnarkUncensored
LN8REBYY,9,whatisit,r/whatisthisthing,r/HelpMeFind,r/NoStupidQuestions
LN8REBYY,10,popculturechat,r/popculturechat,r/Fauxmoi,r/entertainment
LN8REBYY,11,twoxchromosomes,r/TwoXChromosomes,r/AskWomen,r/WitchesVsPatriarchy
LN8REBYY,12,interesting,r/interestingasfuck,r/Damnthatsinteresting,r/mildlyinteresting
6D26ZXC8,1,r/Asexual,r/asexuality,r/lgbt,r/aaaaaaacccccccce
6D26ZXC8,2,r/LGBT,r/lgbt,r/askgaybros,r/actuallesbians
6D26ZXC8,3,r/SapphoAndHerFriend,r/SapphoAndHerFriend,r/lgbtmemes,r/AreTheStraightsOk
6D26ZXC8,4,r/AreTheStraightsOk,r/AreTheStraightsOk,r/lgbtmemes,r/me_irlgbt
6D26ZXC8,5,r/cuteanimals,r/aww,r/eyebleach,r/AnimalsBeingDerps
KZ9S5MPC,1,mtg,r/magicTCG,r/EDH,r/mtgfinance
KZ9S5MPC,2,edh,r/EDH,r/magicTCG,r/CompetitiveEDH
KZ9S5MPC,3,books,r/books,r/suggestmeabook,r/literature
KZ9S5MPC,4,funny,r/funny,r/memes,r/dankmemes
KZ9S5MPC,5,lego,r/lego,r/AFOL,r/legostarwars
KZ9S5MPC,6,suggestmeabook,r/suggestmeabook,r/books,r/BookRecommendations
KZ9S5MPC,7,fauxmoi,r/Fauxmoi,r/popculturechat,r/blogsnark
KZ9S5MPC,8,whitepeopletwitter,r/WhitePeopleTwitter,r/BlackPeopleTwitter,r/PoliticalHumor
KZ9S5MPC,9,politics,r/politics,r/news,r/PoliticalDiscussion
KZ9S5MPC,10,whatisit,r/whatisthisthing,r/HelpMeFind,r/NoStupidQuestions
KZ9S5MPC,11,law,r/law,r/legaladvice,r/LawSchool
KZ9S5MPC,12,askreddit,r/AskReddit,r/NoStupidQuestions,r/TooAfraidToAsk
KZ9S5MPC,13,explainthejoke,r/ExplainTheJoke,r/PeterExplainsTheJoke,r/OutOfTheLoop
KZ9S5MPC,14,nostupidquestions,r/NoStupidQuestions,r/TooAfraidToAsk,r/AskReddit
KZ9S5MPC,15,unexpected,r/Unexpected,r/PlotTwist,r/yesyesyesno
KZ9S5MPC,16,news,r/news,r/worldnews,r/UpliftingNews
37UDZTHY,1,r/Stocks_Picks,r/StockMarket,r/stocks,r/investing
37UDZTHY,2,r/valueinvesting,r/ValueInvesting,r/investing,r/stocks
37UDZTHY,3,r/smallstreetbets,r/smallstreetbets,r/wallstreetbets,r/stocks
37UDZTHY,4,r/RobinHood,r/RobinHood,r/stocks,r/investing
FJYUEQN8,1,Clash Royale,r/ClashRoyale,r/ClashRoyaleDecks,r/Brawlstars
FJYUEQN8,2,Am I the Asshole,r/AmItheAsshole,r/AITAH,r/TrueOffMyChest
FJYUEQN8,3,Crumbl Cookies,r/CrumblCookies,r/Cookies,r/Baking
FJYUEQN8,4,History,r/history,r/AskHistorians,r/HistoryMemes
FJYUEQN8,5,Jokes,r/Jokes,r/dadjokes,r/funny
FJYUEQN8,6,Animal Crossing,r/AnimalCrossing,r/ac_newhorizons,r/Nintendo
FJYUEQN8,7,Ask Reddit,r/AskReddit,r/NoStupidQuestions,r/TooAfraidToAsk
FJYUEQN8,8,Ask Reddit After Dark,r/AskRedditAfterDark,r/TooAfraidToAsk,r/NSFWAskReddit
FJYUEQN8,9,SurfacesBand,r/Surfaces,r/popheads,r/music
FJYUEQN8,10,Clash Royale Decks,r/ClashRoyaleDecks,r/ClashRoyale,r/DeckBuilding
FJYUEQN8,11,Royale API,r/RoyaleAPI,r/ClashRoyale,r/ClashRoyaleDecks
FJYUEQN8,12,Angry Birds 2,r/AngryBirds2,r/AngryBirds,r/mobilegaming
FJYUEQN8,13,Applying to College,r/ApplyingToCollege,r/college,r/SAT
FJYUEQN8,14,Law School Admissions,r/lawschooladmissions,r/LawSchool,r/gradadmissions
FJYUEQN8,15,Catholicism,r/Catholicism,r/Christianity,r/religion
FJYUEQN8,16,College Results,r/collegeresults,r/ApplyingToCollege,r/college
FJYUEQN8,17,Does Anybody Else,r/DoesAnybodyElse,r/DAE,r/AskReddit
FJYUEQN8,18,Engagement Rings,r/EngagementRings,r/weddingplanning,r/jewelry
FJYUEQN8,19,Everybody Loves Raymond,r/EverybodyLovesRaymond,r/television,r/sitcoms
FJYUEQN8,20,Dunder Mifflin,r/DunderMifflin,r/TheOffice,r/OfficeMemes
FJYUEQN8,21,Gravity Falls,r/gravityfalls,r/cartoons,r/Disney
FJYUEQN8,22,Mock Trial,r/mocktrial,r/LawSchool,r/legaladvice
FJYUEQN8,23,Model United Nations,r/MUN,r/ModelUN,r/politics
FJYUEQN8,24,name nerds,r/namenerds,r/Names,r/babyname
FJYUEQN8,25,Off My Chest,r/offmychest,r/TrueOffMyChest,r/confession
FJYUEQN8,26,QuestBridge,r/QuestBridge,r/ApplyingToCollege,r/financialaid
FJYUEQN8,27,TrueOffMyChest,r/TrueOffMyChest,r/offmychest,r/confession
FJYUEQN8,28,South Park,r/southpark,r/Cartoons,r/television
FJYUEQN8,29,The Office,r/DunderMifflin,r/TheOffice,r/OfficeMemes
FJYUEQN8,30,The Paper,r/ThePaper,r/television,r/Entertainment
T6E9EPOZ,1,/gradadmissions,r/gradadmissions,r/ApplyingToCollege,r/lawschooladmissions
T6E9EPOZ,2,r/books,r/books,r/literature,r/suggestmeabook
T6E9EPOZ,3,r/Screenwriting,r/Screenwriting,r/writing,r/Filmmakers
T6E9EPOZ,4,r/literature,r/literature,r/books,r/TrueLit
T6E9EPOZ,5,r/fantasy,r/Fantasy,r/books,r/printSF
ZHMH16C4,1,Maine,r/Maine,r/NewEngland,r/PortlandME
ZHMH16C4,2,Ask Maine,r/AskMaine,r/Maine,r/NewEngland
ZHMH16C4,3,dogs,r/dogs,r/aww,r/puppies
ZHMH16C4,4,ME50501circled,r/ME50501,r/Maine,r/local
ZHMH16C4,5,ME50501,r/ME50501,r/Maine,r/local
ZHMH16C4,6,circled,r/circled,r/mildlyinteresting,r/pics
ZHMH16C4,7,portlandme,r/PortlandME,r/Maine,r/NewEngland
ZHMH16C4,8,teachers,r/Teachers,r/education,r/teaching
ZHMH16C4,9,Maine2,r/Maine,r/NewEngland,r/PortlandME
ZHMH16C4,10,sustainability,r/sustainability,r/environment,r/ZeroWaste
ZHMH16C4,11,CityofBathMaine,r/BathMaine,r/Maine,r/NewEngland
ZHMH16C4,12,Indianapolis,r/Indianapolis,r/Indiana,r/midwest
2BD455O0,1,r/celestegame,r/celestegame,r/IndieGaming,r/platformers
2BD455O0,2,r/CountWithEveryone,r/CountWithEveryone,r/counting,r/mildlyinteresting
2BD455O0,3,r/countwithchickenlady,r/countwithchickenlady,r/counting,r/CountWithEveryone
2BD455O0,4,r/lotr,r/lotr,r/lotrmemes,r/tolkienfans
2BD455O0,5,r/botw,r/Breath_of_the_Wild,r/zelda,r/Nintendo
2BD455O0,6,r/dataisbeautiful,r/dataisbeautiful,r/visualization,r/infographics
2BD455O0,7,r/GaySoundsShitposts,r/GaySoundsShitposts,r/lgbtmemes,r/shitposting
2BD455O0,8,r/animememes,r/animememes,r/anime,r/goodanimemes
2BD455O0,9,r/AmITheAngel,r/AmITheAngel,r/AmItheAsshole,r/AITAH
2BD455O0,10,r/lotrmemes,r/lotrmemes,r/lotr,r/memes
2BD455O0,11,r/Scoobydoo,r/Scoobydoo,r/cartoons,r/television
2BD455O0,12,r/legendofkorra,r/legendofkorra,r/TheLastAirbender,r/cartoons
2BD455O0,13,r/TheDragonPrince,r/TheDragonPrince,r/cartoons,r/fantasy
S87Q76NA,1,sentinels of the multiverse,r/sentinelsmultiverse,r/boardgames,r/cardgames
S87Q76NA,2,nfl,r/nfl,r/football,r/sports
S87Q76NA,3,AMA,r/IAmA,r/AskReddit,r/casualiama
IEOJ1IW3,1,r/HonkaiStarRail,r/HonkaiStarRail,r/gachagaming,r/HonkaiImpact3rd
IEOJ1IW3,2,r/Reverse1999,r/Reverse1999,r/gachagaming,r/mobilegaming
IEOJ1IW3,3,r/marvelrivals,r/marvelrivals,r/marvel,r/gaming
IEOJ1IW3,4,r/japanese,r/LearnJapanese,r/japan,r/languagelearning
O4NB1X6B,1,r/news,r/news,r/worldnews,r/UpliftingNews
O4NB1X6B,2,r/funny,r/funny,r/memes,r/dankmemes
O4NB1X6B,3,r/books,r/books,r/literature,r/suggestmeabook
O4NB1X6B,4,r/nostupidquestions,r/NoStupidQuestions,r/TooAfraidToAsk,r/AskReddit
O4NB1X6B,5,r/livestreamfail,r/LivestreamFail,r/Twitch,r/gaming
O4NB1X6B,6,r/movies,r/movies,r/TrueFilm,r/Letterboxd
O4NB1X6B,7,r/politics,r/politics,r/news,r/PoliticalDiscussion
O4NB1X6B,8,r/todayilearned,r/todayilearned,r/AskReddit,r/explainlikeimfive
O4NB1X6B,9,r/memes,r/memes,r/dankmemes,r/funny
O4NB1X6B,10,r/onepiece,r/OnePiece,r/anime,r/OnePiecePowerScaling
O4NB1X6B,11,r/sipstea,r/SipsTea,r/popculturechat,r/Fauxmoi
O4NB1X6B,12,r/beamazed,r/BeAmazed,r/Damnthatsinteresting,r/mildlyinteresting
O4NB1X6B,13,r/diy,r/DIY,r/HomeImprovement,r/woodworking
O4NB1X6B,14,r/nba,r/nba,r/basketball,r/sports
O4NB1X6B,15,r/soccer,r/soccer,r/football,r/sports
O4NB1X6B,16,r/badroomates,r/badroommates,r/AmItheAsshole,r/relationships
O4NB1X6B,17,r/wow,r/wow,r/WorldOfWarcraft,r/gaming
O4NB1X6B,18,r/youtube,r/youtube,r/videos,r/InternetIsBeautiful
64LRAXDJ,1,hermit crabs,r/hermitcrabs,r/pets,r/aww
64LRAXDJ,2,art,r/art,r/ArtPorn,r/learnart
64LRAXDJ,3,mental health,r/mentalhealth,r/depression,r/psychology
64LRAXDJ,4,tattoo,r/tattoos,r/tattoo_design,r/bodymods
DUBYYHYX,1,/ftm,r/ftm,r/asktransgender,r/trans
DUBYYHYX,2,/topsurgery,r/topsurgery,r/ftm,r/transgender_surgeries
DUBYYHYX,3,/AITA,r/AmItheAsshole,r/AITAH,r/TrueOffMyChest
DUBYYHYX,4,/decidingtobebetter,r/DecidingToBeBetter,r/getdisciplined,r/selfimprovement
DUBYYHYX,5,/mildlyinteresting,r/mildlyinteresting,r/Damnthatsinteresting,r/pics
DUBYYHYX,6,/frugal,r/Frugal,r/EatCheapAndHealthy,r/personalfinance
0GMT2ITP,1,knitting,r/knitting,r/crochet,r/needlework
0GMT2ITP,2,quilting,r/quilting,r/sewing,r/crafts
0GMT2ITP,3,talktherapy,r/therapy,r/mentalhealth,r/psychotherapy
0GMT2ITP,4,therapists,r/therapists,r/askpsychology,r/mentalhealth
0GMT2ITP,5,maine,r/Maine,r/NewEngland,r/PortlandME
0GMT2ITP,6,antiwork,r/antiwork,r/workreform,r/jobs
0GMT2ITP,7,askreddit,r/AskReddit,r/NoStupidQuestions,r/TooAfraidToAsk
0GMT2ITP,8,mildlyinfuriating,r/mildlyinfuriating,r/mildlyinteresting,r/Wellthatsucks
0GMT2ITP,9,taylorswift,r/TaylorSwift,r/popheads,r/music
0GMT2ITP,10,gaylorswift,r/GaylorSwift,r/TaylorSwift,r/popheads
0GMT2ITP,11,damnthatsinteresting,r/Damnthatsinteresting,r/mildlyinteresting,r/BeAmazed
0GMT2ITP,12,millenials,r/Millennials,r/GenZ,r/AskOldPeople
0GMT2ITP,13,fauxmoi,r/Fauxmoi,r/popculturechat,r/blogsnark
0GMT2ITP,14,mildlyinteresting,r/mildlyinteresting,r/Damnthatsinteresting,r/pics
0GMT2ITP,15,popculturechat,r/popculturechat,r/Fauxmoi,r/entertainment
TPWBA9PZ,1,Medicine,r/medicine,r/AskDocs,r/medicalschool
TPWBA9PZ,2,Medicine,r/medicine,r/AskDocs,r/Health
TPWBA9PZ,3,College applications,r/ApplyingToCollege,r/college,r/SAT
U7RW6MVC,1,nancy drew,r/NancyDrew,r/books,r/mystery
U7RW6MVC,2,makeup,r/makeupaddiction,r/beauty,r/skincareaddiction
U7RW6MVC,3,cats,r/cats,r/aww,r/catpictures
U7RW6MVC,4,journaling,r/Journaling,r/bulletjournal,r/notebooks
U7RW6MVC,5,bisexual,r/bisexual,r/lgbt,r/actuallesbians
U7RW6MVC,6,hair,r/Hair,r/FancyFollicles,r/malehairadvice
U7RW6MVC,7,maine,r/Maine,r/NewEngland,r/PortlandME
56M8U5A5,1,vexillology,r/vexillology,r/geography,r/heraldry
56M8U5A5,2,geography,r/geography,r/vexillology,r/MapPorn
56M8U5A5,3,icecoast,r/icecoast,r/skiing,r/NewEngland
56M8U5A5,4,skiing,r/skiing,r/snowboarding,r/icecoast
56M8U5A5,5,playboicarti,r/playboicarti,r/hiphopheads,r/music
56M8U5A5,6,nonpoliticaltwitter,r/NonPoliticalTwitter,r/funny,r/memes
56M8U5A5,7,comedyheaven,r/ComedyHeaven,r/memes,r/shitposting
56M8U5A5,8,baseball,r/baseball,r/mlb,r/sports
56M8U5A5,9,baseballcirclejerk,r/baseballcirclejerk,r/sportscirclejerk,r/memes
56M8U5A5,10,genz,r/GenZ,r/Millennials,r/AskReddit
56M8U5A5,11,chatgpt,r/ChatGPT,r/artificial,r/MachineLearning
56M8U5A5,12,travel,r/travel,r/solotravel,r/backpacking
56M8U5A5,13,hiphopheads,r/hiphopheads,r/music,r/rap
8JEQ20SU,1,read,r/books,r/suggestmeabook,r/literature
K6LTYZJH,1,r/AITAH,r/AITAH,r/AmItheAsshole,r/TrueOffMyChest
K6LTYZJH,2,r/midlyinfuriating,r/mildlyinfuriating,r/mildlyinteresting,r/Wellthatsucks
K6LTYZJH,3,r/heatedrivalry,r/sports,r/hockey,r/nfl
K6LTYZJH,4,r/bowdoin,r/Bowdoin,r/colleges,r/Maine
K6LTYZJH,5,r/skincareaddiction,r/skincareaddiction,r/beauty,r/AsianBeauty
K6LTYZJH,6,r/mfdoon,r/MFDOOM,r/hiphopheads,r/hiphopcirclejerk
K6LTYZJH,7,r/mfdoom,r/MFDOOM,r/hiphopheads,r/hiphopcirclejerk
VNSY2V6A,1,r/vacation,r/travel,r/solotravel,r/backpacking
VNSY2V6A,2,r/StockMarket,r/stocks,r/investing,r/WallStreetBets
VNSY2V6A,3,r/dinner,r/food,r/cooking,r/recipes
XILQXDX5,1,apples,r/apples,r/gardening,r/food
XILQXDX5,2,adulting,r/Adulting,r/personalfinance,r/selfimprovement
XILQXDX5,3,chemistry,r/chemistry,r/askscience,r/biology
XILQXDX5,4,askhistorians,r/AskHistorians,r/history,r/AskHistory
XILQXDX5,5,chineselanguge,r/ChineseLanguage,r/languagelearning,r/learnchinese
XILQXDX5,6,collegerant,r/college,r/ApplyingToCollege,r/collegeresults
XILQXDX5,7,drawing,r/drawing,r/learnart,r/art
XILQXDX5,8,decidingtobebetter,r/DecidingToBeBetter,r/selfimprovement,r/getdisciplined
XILQXDX5,9,bpd,r/BPD,r/mentalhealth,r/BorderlinePDisorder
XILQXDX5,10,depressionmeals,r/depressionmeals,r/cooking,r/EatCheapAndHealthy
XILQXDX5,11,learntodraw,r/learntodraw,r/drawing,r/learnart
XILQXDX5,12,neuroscience,r/neuroscience,r/askscience,r/psychology
XILQXDX5,13,newjersey,r/newjersey,r/newyork,r/usa
XILQXDX5,14,maine,r/Maine,r/NewEngland,r/PortlandME
XILQXDX5,15,pharmacology,r/pharmacology,r/medicine,r/AskDocs
XILQXDX5,16,rats,r/RATS,r/pets,r/aww
XILQXDX5,17,sleep,r/sleep,r/insomnia,r/health
XILQXDX5,18,todayilearned,r/todayilearned,r/AskReddit,r/explainlikeimfive
XILQXDX5,19,whatisthisbird,r/whatsthisbird,r/birding,r/ornithology
XILQXDX5,20,whatisthisbug,r/whatsthisbug,r/entomology,r/biology
JEW0DH9D,1,college,r/college,r/ApplyingToCollege,r/gradadmissions
JEW0DH9D,2,fatsquirrels,r/aww,r/natureismetal,r/animals
JEW0DH9D,3,reu,r/REU,r/AskAcademia,r/gradschool
JEW0DH9D,4,piercing,r/piercing,r/bodymods,r/jewelry
JEW0DH9D,5,RoastMe,r/RoastMe,r/RoastMyCar,r/roastme
JEW0DH9D,6,crochet,r/crochet,r/knitting,r/crafts
JEW0DH9D,7,oddlysatisfying,r/oddlysatisfying,r/BeAmazed,r/mildlyinteresting
6XD6NVVO,1,r/ChanceMeInternational,r/ApplyingToCollege,r/gradadmissions,r/collegeresults
6XD6NVVO,2,r/Epicthemuscial,r/musicals,r/broadway,r/theatre
6XD6NVVO,3,r/ApplyingToCollege,r/ApplyingToCollege,r/college,r/SAT
6XD6NVVO,4,r/beatles,r/TheBeatles,r/music,r/ClassicRock
J8N7DCDH,1,books,r/books,r/literature,r/suggestmeabook
J8N7DCDH,2,shows,r/television,r/NetflixBestOf,r/popculturechat
J8N7DCDH,3,politics,r/politics,r/news,r/PoliticalDiscussion
J8N7DCDH,4,drama,r/Drama,r/entertainment,r/popculturechat
73N2RQWR,1,reu,r/REU,r/AskAcademia,r/gradschool
73N2RQWR,2,AITA,r/AmItheAsshole,r/AITAH,r/TrueOffMyChest
73N2RQWR,3,networking,r/cscareerquestions,r/jobs,r/careerguidance
73N2RQWR,4,cooking,r/cooking,r/recipes,r/EatCheapAndHealthy
73N2RQWR,5,baking,r/baking,r/Breadit,r/cookiedecorating
73N2RQWR,6,bracelets,r/beading,r/crafts,r/jewelrymaking
73N2RQWR,7,financialfreedom,r/financialindependence,r/personalfinance,r/Fire
73N2RQWR,8,50/50,r/relationships,r/AmItheAsshole,r/relationship_advice
73N2RQWR,9,explain like im 5,r/explainlikeimfive,r/NoStupidQuestions,r/OutOfTheLoop
73N2RQWR,10,biochemistry,r/biochemistry,r/biology,r/askscience
73N2RQWR,11,buyitforlife,r/BuyItForLife,r/Frugal,r/Costco
U2N1A8VX,1,How to get a job in clinical research,r/clinicalresearch,r/cscareerquestions,r/gradschool
U2N1A8VX,2,Best interviewing practices,r/jobs,r/careerguidance,r/cscareerquestions
Q3MFUDV9,1,jujutsofolk,r/Jujutsufolk,r/JuJutsuKaisen,r/anime
Q3MFUDV9,2,nfl,r/nfl,r/football,r/sports
Q3MFUDV9,3,nba,r/nba,r/basketball,r/sports
Q3MFUDV9,4,eldenring,r/Eldenring,r/gaming,r/fromsoftware
Q3MFUDV9,5,49ers,r/49ers,r/nfl,r/nflmemes
Q3MFUDV9,6,askhistorians,r/AskHistorians,r/history,r/AskHistory
Q3MFUDV9,7,gaming,r/gaming,r/truegaming,r/pcgaming
Q3MFUDV9,8,starwars,r/StarWars,r/MawInstallation,r/movies
Q3MFUDV9,9,crazyfuckingvideos,r/CrazyFuckingVideos,r/Unexpected,r/PublicFreakout
Q3MFUDV9,10,asoif,r/asoiaf,r/GameOfThrones,r/fantasy
Q3MFUDV9,11,credibledefense,r/CredibleDefense,r/geopolitics,r/worldnews
Q3MFUDV9,12,todayilearned,r/todayilearned,r/AskReddit,r/explainlikeimfive
Q3MFUDV9,13,fantasyfootball,r/fantasyfootball,r/nfl,r/sports
HCBTBYHS,1,r/vegan,r/vegan,r/PlantBasedDiet,r/EatCheapAndHealthy
HCBTBYHS,2,r/gradschool,r/gradschool,r/AskAcademia,r/PhD
HCBTBYHS,3,r/netflix,r/netflix,r/television,r/popculturechat
HCBTBYHS,4,r/miniartprints,r/art,r/Illustration,r/ArtPrints
8BL6X7AX,1,crazy personal stories mainly,r/TrueOffMyChest,r/confession,r/offmychest
8BL6X7AX,2,weird stories,r/nosleep,r/UnresolvedMysteries,r/shortscarystories
8BL6X7AX,3,threads about college and acceptences,r/ApplyingToCollege,r/collegeresults,r/college
YVQX6LL1,1,Professors,r/Professors,r/AskAcademia,r/college
YVQX6LL1,2,Sims4,r/Sims4,r/thesims,r/gaming
YVQX6LL1,3,Lawschooladmissions,r/lawschooladmissions,r/LawSchool,r/gradschool
YVQX6LL1,4,SpanishLearning,r/Spanish,r/languagelearning,r/learnspanish
YVQX6LL1,5,mildlyinteresting,r/mildlyinteresting,r/Damnthatsinteresting,r/pics
YVQX6LL1,6,LawSchool,r/LawSchool,r/lawschooladmissions,r/Ask_Lawyers
YVQX6LL1,7,studytips,r/GetStudying,r/GetDisciplined,r/studytips
YVQX6LL1,8,CollegeRant,r/college,r/ApplyingToCollege,r/collegerant
YVQX6LL1,9,Fauxmoi,r/Fauxmoi,r/popculturechat,r/blogsnark
YVQX6LL1,10,popculturechat,r/popculturechat,r/Fauxmoi,r/entertainment
YVQX6LL1,11,beauty,r/beauty,r/skincareaddiction,r/makeupaddiction
YVQX6LL1,12,LSAT,r/LSAT,r/lawschooladmissions,r/lawschool
YVQX6LL1,13,Handwriting,r/Handwriting,r/Calligraphy,r/penmanship
YVQX6LL1,14,redscarepod,r/redscarepod,r/podcasts,r/TrueAnon
YVQX6LL1,15,Spanish,r/Spanish,r/languagelearning,r/learnspanish
YVQX6LL1,16,Applyingtocollege,r/ApplyingToCollege,r/college,r/collegeresults
YVQX6LL1,17,college,r/college,r/ApplyingToCollege,r/gradschool
YVQX6LL1,18,Getstudying,r/GetStudying,r/GetDisciplined,r/productivity
AWO2EA8Q,1,emergencymedicine,r/emergencymedicine,r/medicine,r/Residency
AWO2EA8Q,2,bowdoin,r/Bowdoin,r/college,r/Maine
AWO2EA8Q,3,emergencyroom,r/medicine,r/ems,r/Residency
AWO2EA8Q,4,thepitttvshow,r/television,r/greysanatomy,r/medicalTV
AWO2EA8Q,5,medical,r/medicine,r/AskDocs,r/medicalschool
AWO2EA8Q,6,medschool,r/medicalschool,r/premed,r/Residency
AWO2EA8Q,7,premed,r/premed,r/medicalschool,r/ApplyingToCollege
AWO2EA8Q,8,residency,r/Residency,r/medicine,r/medicalschool
AWO2EA8Q,9,thepitt,r/television,r/greysanatomy,r/medicalTV
AWO2EA8Q,10,uppereastside,r/nyc,r/NewYorkCity,r/livinginNYC
AWO2EA8Q,11,nyc,r/nyc,r/NewYorkCity,r/AskNYC
AWO2EA8Q,12,greysanatomy,r/greysanatomy,r/television,r/medicalTV
XAA8CS8F,1,deloitte,r/deloitte,r/consulting,r/cscareerquestions
XAA8CS8F,2,running injury,r/running,r/advancedrunning,r/physiotherapy
XAA8CS8F,3,femoral neck stress reaction,r/running,r/orthopaedics,r/sportsmedicine
GNLFFB4P,1,r/uswnt,r/uswnt,r/soccer,r/nwsl
GNLFFB4P,2,r/nashville,r/nashville,r/tennessee,r/countrymusic
GNLFFB4P,3,r/savannah,r/savannah,r/georgia,r/travel
GNLFFB4P,4,r/tennesseetitans,r/Tennesseetitans,r/nfl,r/sports
GNLFFB4P,5,r/noahkahan,r/NoahKahan,r/music,r/indieheads
GNLFFB4P,6,r/thewire,r/TheWire,r/television,r/HBO
U4TQC9J3,1,none,r/all,r/popular,r/AskReddit
NXGNLGFN,1,baseball,r/baseball,r/mlb,r/sports
NXGNLGFN,2,redsox,r/redsox,r/mlb,r/baseball
NXGNLGFN,3,patriots,r/Patriots,r/nfl,r/sports
NXGNLGFN,4,nfl,r/nfl,r/football,r/sports
NXGNLGFN,5,hockey,r/hockey,r/NHL,r/sports
NXGNLGFN,6,BostonBruins,r/BostonBruins,r/hockey,r/NHL
NXGNLGFN,7,bostonceltics,r/bostonceltics,r/nba,r/sports
NXGNLGFN,8,boxoffice,r/boxoffice,r/movies,r/TrueFilm
NXGNLGFN,9,flights,r/travel,r/Flights,r/aviation
NXGNLGFN,10,delta,r/delta,r/aviation,r/flights
NXGNLGFN,11,duolingo,r/duolingo,r/languagelearning,r/learnspanish
NXGNLGFN,12,strangerthings,r/StrangerThings,r/netflix,r/television
W6Z3Y3K6,1,interesting,r/Damnthatsinteresting,r/mildlyinteresting,r/BeAmazed
W6Z3Y3K6,2,knitting,r/knitting,r/crochet,r/crafts
W6Z3Y3K6,3,crochet,r/crochet,r/knitting,r/crafts
W6Z3Y3K6,4,crochetpatterns,r/crochetpatterns,r/crochet,r/knitting
W6Z3Y3K6,5,NoStupidQuestions,r/NoStupidQuestions,r/AskReddit,r/TooAfraidToAsk
W6Z3Y3K6,6,fednews,r/news,r/politics,r/worldnews
W6Z3Y3K6,7,mildlyinfuriating,r/mildlyinfuriating,r/Wellthatsucks,r/mildlyinteresting
W6Z3Y3K6,8,funnyvideos,r/funny,r/memes,r/Unexpected
NHCBLFL1,1,r/AITA,r/AmItheAsshole,r/AITAH,r/TrueOffMyChest
NHCBLFL1,2,r/AITA,r/AmItheAsshole,r/AITAH,r/relationships
NHCBLFL1,3,r/unexpected,r/Unexpected,r/yesyesyesno,r/instant_regret
NHCBLFL1,4,r/cute,r/aww,r/Eyebleach,r/cats
NHCBLFL1,5,r/all,r/all,r/popular,r/AskReddit
NHCBLFL1,6,r/popular,r/popular,r/all,r/AskReddit
NHCBLFL1,7,r/maybemaybemaybe,r/maybemaybemaybe,r/Unexpected,r/yesyesyesno
NHCBLFL1,8,r/askreddit,r/AskReddit,r/NoStupidQuestions,r/TooAfraidToAsk
NHCBLFL1,9,r/mildlyinfuriating,r/mildlyinfuriating,r/Wellthatsucks,r/mildlyinteresting
NHCBLFL1,10,r/backyardchickens,r/backyardchickens,r/chickens,r/homestead
NHCBLFL1,11,r/aww,r/aww,r/Eyebleach,r/cats
NHCBLFL1,12,r/wholesome,r/wholesomememes,r/MadeMeSmile,r/upliftingnews
9O2ABUMY,1,r/,r/all,r/popular,r/AskReddit
9O2ABUMY,2,R/ Personal Finance,r/personalfinance,r/financialindependence,r/Fire
9O2ABUMY,3,R/ Jobs,r/jobs,r/careerguidance,r/cscareerquestions
9O2ABUMY,4,R/ Superstore,r/superstore,r/television,r/NBC
XJF7RLTQ,1,relationships,r/relationships,r/mentalhealth,r/AskDocs
XJF7RLTQ,2,hard conversations,r/relationships,r/communication,r/DecidingToBeBetter
XJF7RLTQ,3,self help,r/selfimprovement,r/getdisciplined,r/productivity
XJF7RLTQ,4,personal expierences,r/personalfinance,r/offmychest,r/confession
XJF7RLTQ,5,family,r/relationships,r/FamilyIssues,r/TrueOffMyChest
CI6QQA2Y,1,how to in r,r/NoStupidQuestions,r/explainlikeimfive,r/OutOfTheLoop
CI6QQA2Y,2,advice,r/Advice,r/AskReddit,r/relationships
CI6QQA2Y,3,fixing things,r/DIY,r/fixit,r/HomeImprovement
CI6QQA2Y,4,current event drama,r/news,r/worldnews,r/popculturechat
CI6QQA2Y,5,general how to,r/NoStupidQuestions,r/explainlikeimfive,r/AskReddit
5K82MZW1,1,knitting,r/knitting,r/crochet,r/crafts
5K82MZW1,2,tressless,r/tressless,r/HairLoss,r/malehairadvice
5K82MZW1,3,asianbeauty,r/AsianBeauty,r/skincareaddiction,r/beauty
5K82MZW1,4,travisandtaylor,r/TravisAndTaylor,r/popculturechat,r/Fauxmoi
0PRAW6DO,1,gradadmissions,r/gradadmissions,r/AskAcademia,r/PhD
LUKGQM9Q,1,video games,r/gaming,r/truegaming,r/patientgamers
YP5UHRSA,1,askreddit,r/AskReddit,r/NoStupidQuestions,r/TooAfraidToAsk
YMQ1DC06,1,jobs,r/jobs,r/careerguidance,r/cscareerquestions
YMQ1DC06,2,todayilearned,r/todayilearned,r/explainlikeimfive,r/AskReddit
YMQ1DC06,3,unexpected,r/Unexpected,r/yesyesyesno,r/maybemaybemaybe
YMQ1DC06,4,true crime,r/TrueCrime,r/unresolvedmysteries,r/serialkillers
YMQ1DC06,5,shower thoughts,r/Showerthoughts,r/DeepThoughts,r/AskReddit
YMQ1DC06,6,facepalm,r/facepalm,r/PublicFreakout,r/mildlyinfuriating
YMQ1DC06,7,career questions,r/careerguidance,r/cscareerquestions,r/jobs
YMQ1DC06,8,listen to this,r/music,r/listentothis,r/indieheads
YMQ1DC06,9,advice,r/Advice,r/relationships,r/AskReddit
YMQ1DC06,10,ask historians,r/AskHistorians,r/history,r/AskHistory
YMQ1DC06,11,dreams,r/Dreams,r/psychology,r/sleep
YMQ1DC06,12,worldnews,r/worldnews,r/news,r/geopolitics
YMQ1DC06,13,news,r/news,r/worldnews,r/politics
YMQ1DC06,14,reddit serials,r/NoSleep,r/creepypasta,r/shortscarystories
YMQ1DC06,15,read,r/books,r/literature,r/suggestmeabook
0QPSDFM3,1,surfing,r/surfing,r/waterporn,r/sports
0QPSDFM3,2,swim,r/swimming,r/triathlon,r/fitness
0QPSDFM3,3,ncaa,r/CFB,r/collegebasketball,r/sports
0QPSDFM3,4,ramadan,r/islam,r/Muslim,r/religion
0QPSDFM3,5,fasting,r/intermittentfasting,r/fitness,r/nutrition
0QPSDFM3,6,iron deficiency,r/AskDocs,r/medicine,r/nutrition
0QPSDFM3,7,anemia,r/AskDocs,r/medicine,r/health
ZYQ1C8LT,1,finance,r/personalfinance,r/financialindependence,r/investing
ZYQ1C8LT,2,bogglehead,r/Bogleheads,r/personalfinance,r/investing
ZYQ1C8LT,3,amItheasshole,r/AmItheAsshole,r/AITAH,r/relationships
YQ5FHGIU,1,tea,r/tea,r/food,r/Coffee
YQ5FHGIU,2,Vietnam,r/Vietnam,r/travel,r/AskAsia
YQ5FHGIU,3,ChinaNews,r/China,r/worldnews,r/geopolitics
YQ5FHGIU,4,AITA,r/AmItheAsshole,r/AITAH,r/TrueOffMyChest
EA8GWQDV,1,r/running,r/running,r/advancedrunning,r/fitness
EA8GWQDV,2,r/beginnerrunning,r/beginnerrunning,r/running,r/fitness
EA8GWQDV,3,r/xxrunning,r/xxrunning,r/running,r/XXFitness
JIMIPV7S,1,r/beatles,r/TheBeatles,r/music,r/ClassicRock
JIMIPV7S,2,r/beatlescirclejerk,r/beatlescirclejerk,r/circlejerk,r/musicmemes
JIMIPV7S,3,r/jetlagthegame,r/JetLagTheGame,r/youtube,r/television
JIMIPV7S,4,r/andor,r/andor,r/StarWars,r/television
JIMIPV7S,5,r/teenagers,r/teenagers,r/AskTeenagers,r/GenZ
JIMIPV7S,6,r/bluegrass,r/bluegrass,r/music,r/country
JIMIPV7S,7,r/cosmere,r/Cosmere,r/brandonsanderson,r/books
JIMIPV7S,8,r/cremposting,r/cremposting,r/Cosmere,r/books
JIMIPV7S,9,r/alignmentchartfills,r/memes,r/dankmemes,r/wholesomememes
A5YUTA1F,1,r/marvelrivals,r/marvelrivals,r/marvel,r/gaming
A5YUTA1F,2,r/warframe,r/Warframe,r/gaming,r/pcgaming
A5YUTA1F,3,r/pcmasterrace,r/pcmasterrace,r/buildapc,r/technology
A5YUTA1F,4,r/losercity,r/losercity,r/memes,r/shitposting
A5YUTA1F,5,r/cursedcomments,r/cursedcomments,r/memes,r/dankmemes
A5YUTA1F,6,r/idiotsincars,r/IdiotsInCars,r/roadcam,r/dashcams
A5YUTA1F,7,r/mildlyinfuriating,r/mildlyinfuriating,r/Wellthatsucks,r/mildlyinteresting
A5YUTA1F,8,r/murderedbywords,r/MurderedByWords,r/clevercomebacks,r/politicalhumor
A5YUTA1F,9,r/madlads,r/madlads,r/memes,r/dankmemes
A5YUTA1F,10,r/imaginarymaps,r/imaginarymaps,r/MapPorn,r/geography
A5YUTA1F,11,r/holup,r/HolUp,r/memes,r/dankmemes
A5YUTA1F,12,r/historymemes,r/historymemes,r/memes,r/History
A5YUTA1F,13,r/memes,r/memes,r/dankmemes,r/funny
A5YUTA1F,14,r/dankmemes,r/dankmemes,r/memes,r/funny
A5YUTA1F,15,r/furry_irl,r/furry_irl,r/furry,r/memes
A5YUTA1F,16,r/democrats,r/democrats,r/politics,r/news
A5YUTA1F,17,r/awfuleverything,r/awfuleverything,r/cringe,r/PublicFreakout
A5YUTA1F,18,r/crappydesign,r/crappydesign,r/assholedesign,r/mildlyinfuriating
A5YUTA1F,19,r/amogus,r/memes,r/dankmemes,r/gaming
A5YUTA1F,20,r/instantkarma,r/instantkarma,r/PublicFreakout,r/JusticeServed
A5YUTA1F,21,r/news,r/news,r/worldnews,r/politics
A5YUTA1F,22,r/pics,r/pics,r/mildlyinteresting,r/itookapicture
XI93MR3J,1,r/philosophy,r/philosophy,r/askphilosophy,r/TrueAskReddit
XI93MR3J,2,r/advice,r/Advice,r/relationships,r/AskReddit
XI93MR3J,3,r/biotech,r/biotech,r/biology,r/science
XI93MR3J,4,r/cats,r/cats,r/aww,r/catpictures
XI93MR3J,5,r/criticaltheory,r/criticaltheory,r/philosophy,r/AskSocialScience
XI93MR3J,6,r/confession,r/confession,r/offmychest,r/TrueOffMyChest
XI93MR3J,7,r/femfraglab,r/femfraglab,r/perfume,r/fragrance
XI93MR3J,8,r/PhD,r/PhD,r/gradschool,r/AskAcademia
XI93MR3J,9,r/technews,r/technology,r/news,r/programming
XI93MR3J,10,r/science,r/science,r/askscience,r/physics
XI93MR3J,11,r/worldnews,r/worldnews,r/news,r/politics
XI93MR3J,12,r/whatisit,r/whatisthisthing,r/HelpMeFind,r/NoStupidQuestions
XI93MR3J,13,r/semiconductors,r/semiconductors,r/electronics,r/technology
XI93MR3J,14,r/cabinetry,r/cabinetry,r/woodworking,r/DIY
XI93MR3J,15,r/MDPhD,r/MDPhD,r/premed,r/medicalschool
KMXD4OZC,1,relationship advice,r/relationship_advice,r/relationships,r/AmItheAsshole
KMXD4OZC,2,am i the asshole,r/AmItheAsshole,r/AITAH,r/relationships
KMXD4OZC,3,productivity,r/productivity,r/GetDisciplined,r/selfimprovement
KMXD4OZC,4,ask reddit,r/AskReddit,r/NoStupidQuestions,r/TooAfraidToAsk
KMXD4OZC,5,progressive isla,r/islam,r/progressive_islam,r/religion
KMXD4OZC,6,get studying,r/GetStudying,r/studytips,r/GetDisciplined
KMXD4OZC,7,social skills,r/socialskills,r/socialanxiety,r/selfimprovement
KMXD4OZC,8,volume eating,r/volumeeating,r/EatCheapAndHealthy,r/loseit
KMXD4OZC,9,lose it,r/loseit,r/fitness,r/Volumeeating
KMXD4OZC,10,paraprofessional,r/Teachers,r/education,r/teaching
KMXD4OZC,11,no stupid questions,r/NoStupidQuestions,r/AskReddit,r/explainlikeimfive
KMXD4OZC,12,peter explains the joke,r/PeterExplainsTheJoke,r/ExplainTheJoke,r/memes
KMXD4OZC,13,solo travel,r/solotravel,r/travel,r/backpacking
KMXD4OZC,14,how is it living there,r/AskReddit,r/IWantOut,r/expats
KMXD4OZC,15,buddhism,r/Buddhism,r/religion,r/spirituality
KMXD4OZC,16,frugal,r/Frugal,r/personalfinance,r/BuyItForLife
KMXD4OZC,17,female travelers,r/solotravel,r/femaletravel,r/travel
KMXD4OZC,18,mexico,r/mexico,r/AskLatinAmerica,r/travel
KMXD4OZC,19,ask latin america,r/AskLatinAmerica,r/latinamerica,r/worldnews
KMXD4OZC,20,language hub,r/languagelearning,r/polyglot,r/learnlanguages
KMXD4OZC,21,sufism,r/Sufism,r/islam,r/religion
KMXD4OZC,22,tarot readings,r/tarot,r/psychic,r/spirituality
KMXD4OZC,23,hygiene,r/hygiene,r/selfimprovement,r/Health
KMXD4OZC,24,self improvement,r/selfimprovement,r/GetDisciplined,r/productivity
KMXD4OZC,25,tarot,r/tarot,r/psychic,r/spirituality
KMXD4OZC,26,life long learning,r/lifelonglearning,r/selfimprovement,r/education
VNHTSXTP,1,AITA,r/AmItheAsshole,r/AITAH,r/relationships
VNHTSXTP,2,askreddit,r/AskReddit,r/NoStupidQuestions,r/TooAfraidToAsk
VNHTSXTP,3,dndmemes,r/dndmemes,r/DnD,r/memes
VNHTSXTP,4,rpghorrorstories,r/rpghorrorstories,r/DnD,r/TTRPG
IRFHWRXF,1,bowdoin,r/Bowdoin,r/college,r/Maine
IRFHWRXF,2,books,r/books,r/literature,r/suggestmeabook
IRFHWRXF,3,college,r/college,r/ApplyingToCollege,r/gradschool
IRFHWRXF,4,romance,r/RomanceBooks,r/books,r/literature
IRFHWRXF,5,relationship advice,r/relationship_advice,r/relationships,r/AmItheAsshole
IRFHWRXF,6,emotions,r/emotionalintelligence,r/mentalhealth,r/selfimprovement
IRFHWRXF,7,writing advice,r/writing,r/writingadvice,r/books
IRFHWRXF,8,where to find crochet patterns,r/crochet,r/crochetpatterns,r/knitting
LJSMGNV0,1,NoStupidQuestions,r/NoStupidQuestions,r/AskReddit,r/explainlikeimfive
LJSMGNV0,2,AITA,r/AmItheAsshole,r/AITAH,r/relationships
LJSMGNV0,3,r/omaha,r/Omaha,r/Nebraska,r/midwest
LJSMGNV0,4,r/maine,r/Maine,r/NewEngland,r/PortlandME
LJSMGNV0,5,r/nosleep,r/nosleep,r/shortscarystories,r/creepypasta
NZ8ZTZHG,1,Science Memes,r/ScienceMemes,r/sciencememes,r/memes
NZ8ZTZHG,2,baking recipes,r/baking,r/recipes,r/Breadit
NZ8ZTZHG,3,r/fantasy,r/Fantasy,r/books,r/printSF
NZ8ZTZHG,4,science memes,r/ScienceMemes,r/sciencememes,r/memes
NZ8ZTZHG,5,Casual conversations,r/CasualConversation,r/AskReddit,r/socialskills
NZ8ZTZHG,6,world tigger,r/worldnews,r/news,r/worldevents
8PAKX1OM,1,writing posts,r/writing,r/Blogging,r/writing
8PAKX1OM,2,didn't mean writing posts. x that people,r/NoStupidQuestions,r/OutOfTheLoop,r/AskReddit
8PAKX1OM,3,reading posts,r/books,r/reading,r/literature
RS0Z27EB,1,simpleliving,r/simpleliving,r/minimalism,r/frugal
RS0Z27EB,2,trailrunning,r/trailrunning,r/running,r/ultrarunning
RS0Z27EB,3,gradadmissions,r/gradadmissions,r/AskAcademia,r/PhD
RS0Z27EB,4,beauty,r/beauty,r/skincareaddiction,r/makeupaddiction
Y0GQPG0K,1,gamingleaksandrumours,r/GamingLeaksAndRumours,r/gaming,r/PS5
Y0GQPG0K,2,minecraft,r/Minecraft,r/gaming,r/MCPE
Y0GQPG0K,3,ps5,r/PS5,r/gaming,r/PlayStation
Y0GQPG0K,4,ps5,r/PS5,r/gaming,r/PlayStation
Y0GQPG0K,5,gaming,r/gaming,r/truegaming,r/pcgaming
Y0GQPG0K,6,amitheasshole,r/AmItheAsshole,r/AITAH,r/relationships
Y0GQPG0K,7,mildlyinteresting,r/mildlyinteresting,r/Damnthatsinteresting,r/pics
Y0GQPG0K,8,whatisthisthing,r/whatisthisthing,r/HelpMeFind,r/NoStupidQuestions
Y0GQPG0K,9,news,r/news,r/worldnews,r/politics
Y0GQPG0K,10,politics,r/politics,r/news,r/worldnews
Y0GQPG0K,11,fountainpens,r/fountainpens,r/Calligraphy,r/writing
OEQ7A3BW,1,Grad school applications,r/gradadmissions,r/AskAcademia,r/PhD
OEQ7A3BW,2,Reality tv,r/realitytv,r/television,r/popculturechat
20ISZCV2,1,portlandme,r/PortlandME,r/Maine,r/NewEngland
20ISZCV2,2,funny,r/funny,r/memes,r/dankmemes
20ISZCV2,3,aww,r/aww,r/Eyebleach,r/cats
20ISZCV2,4,bowdoin,r/Bowdoin,r/college,r/Maine
20ISZCV2,5,mildlyinteresting,r/mildlyinteresting,r/Damnthatsinteresting,r/pics
20ISZCV2,6,maine,r/Maine,r/NewEngland,r/PortlandME
9KZ4Q91O,1,relationships,r/relationships,r/relationship_advice,r/AmItheAsshole
9KZ4Q91O,2,aitah,r/AITAH,r/AmItheAsshole,r/relationships
9KZ4Q91O,3,bioinformatics,r/bioinformatics,r/biology,r/AskScience
9KZ4Q91O,4,thegirlsurvivalguide,r/thegirlsurvivalguide,r/TwoXChromosomes,r/selfimprovement
9KZ4Q91O,5,women,r/TwoXChromosomes,r/Women,r/AskWomen
9KZ4Q91O,6,askacademia,r/AskAcademia,r/gradschool,r/PhD
N9V0QKO1,1,r/acne,r/acne,r/SkincareAddiction,r/beauty
N9V0QKO1,2,r/citalopram,r/citalopram,r/antidepressants,r/AskDocs
N9V0QKO1,3,r/spironolactone,r/spironolactone,r/AskDocs,r/SkincareAddiction
N9V0QKO1,4,r/aita,r/AmItheAsshole,r/AITAH,r/relationships
8ZC5BFHF,1,Reading Posts,r/books,r/reading,r/literature
8ZC5BFHF,2,Reading Comments,r/AskReddit,r/NoStupidQuestions,r/OutOfTheLoop
476LZI3N,1,r/ApplyingToCollege,r/ApplyingToCollege,r/college,r/collegeresults
AJVNZ9CE,1,brokecollegestudents,r/college,r/personalfinance,r/frugal
AJVNZ9CE,2,stonerhacks,r/StonerEngineering,r/lifehacks,r/trees
AJVNZ9CE,3,abraodtips,r/solotravel,r/travel,r/expats
PBNU471N,1,r/creditcards,r/creditcards,r/personalfinance,r/Churning
PBNU471N,2,r/personalfinance,r/personalfinance,r/financialindependence,r/Frugal
PBNU471N,3,r/Barca,r/Barca,r/soccer,r/football
PBNU471N,4,r/MCAT,r/MCAT,r/premed,r/medicalschool
PBNU471N,5,r/Forex,r/Forex,r/investing,r/stocks
PBNU471N,6,r/Questbridge,r/QuestBridge,r/ApplyingToCollege,r/college
PBNU471N,7,r/startups,r/startups,r/entrepreneur,r/smallbusiness
PBNU471N,8,r/college,r/college,r/ApplyingToCollege,r/gradschool
PBNU471N,9,r/premed,r/premed,r/medicalschool,r/MCAT
RLHDN7YZ,1,Knitting,r/knitting,r/crochet,r/crafts
RLHDN7YZ,2,Bowdoin,r/Bowdoin,r/college,r/Maine
RLHDN7YZ,3,College,r/college,r/ApplyingToCollege,r/gradschool
RLHDN7YZ,4,The Pitt,r/television,r/greysanatomy,r/medicalTV
XV9JV4CP,1,r/advice,r/Advice,r/AskReddit,r/relationships
XV9JV4CP,2,r/aita,r/AmItheAsshole,r/AITAH,r/relationships
XV9JV4CP,3,r/college,r/college,r/ApplyingToCollege,r/gradschool
PLW1S0CA,1,r/piracy,r/piracy,r/piratedgames,r/Piracy
PLW1S0CA,2,r/MCFC,r/MCFC,r/soccer,r/football
PLW1S0CA,3,r/FigureSkating,r/FigureSkating,r/sports,r/olympics
WU4Q5VLP,1,interestingasfuck,r/interestingasfuck,r/Damnthatsinteresting,r/mildlyinteresting
WU4Q5VLP,2,nextfuckinglevel,r/nextfuckinglevel,r/BeAmazed,r/interestingasfuck
WU4Q5VLP,3,target,r/Target,r/shopping,r/frugal
WU4Q5VLP,4,instagram,r/Instagram,r/socialmedia,r/popculturechat
WU4Q5VLP,5,destinythegame,r/DestinyTheGame,r/gaming,r/pcgaming
WU4Q5VLP,6,mademesmile,r/MadeMeSmile,r/wholesomememes,r/upliftingnews
WU4Q5VLP,7,kidsarefuckingstupid,r/kidsarefuckingstupid,r/PublicFreakout,r/cringe
WU4Q5VLP,8,todayilearned,r/todayilearned,r/explainlikeimfive,r/AskReddit
WU4Q5VLP,9,AITA,r/AmItheAsshole,r/AITAH,r/relationships
WU4Q5VLP,10,mildlyinteresting,r/mildlyinteresting,r/Damnthatsinteresting,r/pics
WU4Q5VLP,11,sipstea,r/SipsTea,r/popculturechat,r/Fauxmoi
WU4Q5VLP,12,askmen,r/AskMen,r/AskWomen,r/relationships
WU4Q5VLP,13,askwomen,r/AskWomen,r/AskMen,r/relationships
WU4Q5VLP,14,unexpected,r/Unexpected,r/yesyesyesno,r/maybemaybemaybe
WU4Q5VLP,15,okbuddycinephile,r/okbuddycinephile,r/movies,r/TrueFilm
OX30M9NX,1,r/NonCredibleDefense,r/NonCredibleDefense,r/military,r/geopolitics
OX30M9NX,2,r/comics,r/comics,r/marvel,r/DCcomics
OX30M9NX,3,r/funny,r/funny,r/memes,r/dankmemes
OX30M9NX,4,r/popular,r/popular,r/all,r/AskReddit
OX30M9NX,5,r/silksong,r/Silksong,r/hollowknight,r/gaming
OX30M9NX,6,r/hollowknight,r/HollowKnight,r/Silksong,r/gaming
OX30M9NX,7,r/eldenring,r/Eldenring,r/fromsoftware,r/gaming
OX30M9NX,8,r/nottheonion,r/nottheonion,r/news,r/worldnews
6CDVQX7L,1,ux/ui,r/UXDesign,r/web_design,r/programming
6CDVQX7L,2,Design,r/design,r/graphic_design,r/UXDesign
6CDVQX7L,3,java,r/java,r/programming,r/learnprogramming
6CDVQX7L,4,ffxiv,r/ffxiv,r/gaming,r/MMORPG
6CDVQX7L,5,bowdoin,r/Bowdoin,r/college,r/Maine
6CDVQX7L,6,f1,r/formula1,r/F1Technical,r/sports
6CDVQX7L,7,tickets,r/tickets,r/concerts,r/events
QGT05169,1,r/funny,r/funny,r/memes,r/dankmemes
QGT05169,2,r/TodayIlearned,r/todayilearned,r/explainlikeimfive,r/AskReddit
QGT05169,3,r/news,r/news,r/worldnews,r/politics
QGT05169,4,r/AskReddit,r/AskReddit,r/NoStupidQuestions,r/TooAfraidToAsk
SENRROOG,1,eurovision,r/eurovision,r/popheads,r/music
SENRROOG,2,askreddit,r/AskReddit,r/NoStupidQuestions,r/TooAfraidToAsk
SENRROOG,3,notinteresting,r/notinteresting,r/mildlyinteresting,r/Damnthatsinteresting
SENRROOG,4,mildlyinteresting,r/mildlyinteresting,r/Damnthatsinteresting,r/pics
SENRROOG,5,alignmentchartfills,r/memes,r/dankmemes,r/wholesomememes
SENRROOG,6,popculturechat,r/popculturechat,r/Fauxmoi,r/blogsnark
SENRROOG,7,interestingasfuck,r/interestingasfuck,r/Damnthatsinteresting,r/mildlyinteresting
SENRROOG,8,explainitpeter,r/PeterExplainsTheJoke,r/ExplainTheJoke,r/memes
SENRROOG,9,woahdude,r/woahdude,r/interestingasfuck,r/BeAmazed
SENRROOG,10,interesting,r/interestingasfuck,r/Damnthatsinteresting,r/mildlyinteresting
SENRROOG,11,smosh,r/smosh,r/youtube,r/entertainment
SENRROOG,12,sipstea,r/SipsTea,r/popculturechat,r/Fauxmoi
SENRROOG,13,oscars,r/oscars,r/movies,r/TrueFilm
SENRROOG,14,okbuddycinephile,r/okbuddycinephile,r/movies,r/TrueFilm
SENRROOG,15,perfectlycutscreams,r/perfectlycutscreams,r/funny,r/memes
SENRROOG,16,popheadscirclejerk,r/popheadscirclejerk,r/popheads,r/music
SENRROOG,17,maybemaybemaybe,r/maybemaybemaybe,r/Unexpected,r/yesyesyesno
SENRROOG,18,whatisit,r/whatisthisthing,r/HelpMeFind,r/NoStupidQuestions
SENRROOG,19,oddlysatisfying,r/oddlysatisfying,r/BeAmazed,r/mildlyinteresting
SENRROOG,20,thatsinsane,r/thatsinsane,r/PublicFreakout,r/nextfuckinglevel
SENRROOG,21,whatsyourchoice,r/AskReddit,r/NoStupidQuestions,r/TooAfraidToAsk
SENRROOG,22,oscarracecirclejerk,r/OscarsRaceCirclejerk,r/movies,r/TrueFilm
SENRROOG,23,movies,r/movies,r/TrueFilm,r/Letterboxd
SENRROOG,24,truefilm,r/TrueFilm,r/movies,r/criterion
SENRROOG,25,boxoffice,r/boxoffice,r/movies,r/TrueFilm
SENRROOG,26,moviecritic,r/movies,r/TrueFilm,r/Letterboxd
SENRROOG,27,boston,r/boston,r/Massachusetts,r/NewEngland
SENRROOG,28,maine,r/Maine,r/NewEngland,r/PortlandME
SENRROOG,29,quincyma,r/QuincyMA,r/Massachusetts,r/boston
BF3MN8ZR,1,r/FinancialCareers,r/FinancialCareers,r/cscareerquestions,r/finance
BF3MN8ZR,2,r/TrueFilm,r/TrueFilm,r/movies,r/criterion
BF3MN8ZR,3,r/quant,r/quant,r/algotrading,r/finance
1KEVYYJ9,1,r/persona3reload,r/Persona3Reload,r/megaten,r/gaming
1KEVYYJ9,2,r/AITA,r/AmItheAsshole,r/AITAH,r/relationships
1KEVYYJ9,3,r/Overwatch2,r/Overwatch,r/gaming,r/CompetitiveOverwatch
1KEVYYJ9,4,r/Depop,r/Depop,r/fashion,r/ThriftStoreHauls
86EKSDZC,1,r/magicthecirclejerking,r/magicthecirclejerking,r/magictcg,r/memes
86EKSDZC,2,r/bloodontheclocktower,r/bloodontheclocktower,r/boardgames,r/tabletop
0MGC7F4K,1,r/ELI5,r/explainlikeimfive,r/NoStupidQuestions,r/AskReddit
0MGC7F4K,2,r/ClashRoyale,r/ClashRoyale,r/gaming,r/mobilegaming
0MGC7F4K,3,r/AnarchyChess,r/AnarchyChess,r/chess,r/memes
0MGC7F4K,4,r/mildlyinfuriating,r/mildlyinfuriating,r/Wellthatsucks,r/mildlyinteresting
0MGC7F4K,5,r/news,r/news,r/worldnews,r/politics
0MGC7F4K,6,r/politics,r/politics,r/news,r/worldnews
0MGC7F4K,7,r/conservative,r/conservative,r/politics,r/worldnews
0MGC7F4K,8,r/Silksong,r/Silksong,r/hollowknight,r/gaming
0MGC7F4K,9,r/showerorange,r/ShowerOrange,r/mildlyinteresting,r/oddlysatisfying
18HXK612,1,aitah,r/AITAH,r/AmItheAsshole,r/relationships
18HXK612,2,awww,r/aww,r/Eyebleach,r/cats
18HXK612,3,gaming,r/gaming,r/truegaming,r/pcgaming
18HXK612,4,videogames,r/gaming,r/truegaming,r/pcgaming
18HXK612,5,askreddit,r/AskReddit,r/NoStupidQuestions,r/TooAfraidToAsk
18HXK612,6,fantasy,r/Fantasy,r/books,r/printSF
18HXK612,7,books,r/books,r/literature,r/suggestmeabook
18HXK612,8,ebookdeals,r/ebookdeals,r/books,r/freeebooks
18HXK612,9,mildlyinfuriating,r/mildlyinfuriating,r/Wellthatsucks,r/mildlyinteresting
18HXK612,10,damnthatsinteresting,r/Damnthatsinteresting,r/interestingasfuck,r/mildlyinteresting
18HXK612,11,maliciouscompliance,r/MaliciousCompliance,r/pettyrevenge,r/prorevenge
18HXK612,12,comics,r/comics,r/marvel,r/DCcomics
18HXK612,13,todayilearned,r/todayilearned,r/explainlikeimfive,r/AskReddit
18HXK612,14,pics,r/pics,r/itookapicture,r/mildlyinteresting
18HXK612,15,BORUpdate,r/BORUpdates,r/BestofRedditorUpdates,r/relationship_advice
18HXK612,16,fixedbytheduet,r/funny,r/memes,r/Unexpected
18HXK612,17,beamazed,r/BeAmazed,r/Damnthatsinteresting,r/interestingasfuck
18HXK612,18,atbge,r/ATBGE,r/therewasanattempt,r/mildlyinteresting
18HXK612,19,funny,r/funny,r/memes,r/dankmemes
BWQ1ZSYD,1,r/lawschooladmissions,r/lawschooladmissions,r/LSAT,r/lawschool
BWQ1ZSYD,2,r/learndeveloping,r/learnprogramming,r/cscareerquestions,r/webdev
BWQ1ZSYD,3,r/LSAT,r/LSAT,r/lawschooladmissions,r/lawschool
BWQ1ZSYD,4,r/Gossipgirl,r/GossipGirl,r/popculturechat,r/television
BWQ1ZSYD,5,r/evangelion,r/evangelion,r/anime,r/neon_genesis_evangelion
BWQ1ZSYD,6,r/loveisland,r/LoveIslandTV,r/television,r/popculturechat
BWQ1ZSYD,7,r/chineselanguage,r/ChineseLanguage,r/languagelearning,r/China
BWQ1ZSYD,8,r/longdistancerelationships,r/LongDistance,r/relationships,r/relationship_advice
H6D2C4VR,1,r/math,r/math,r/learnmath,r/askscience
H6D2C4VR,2,r/hololive,r/hololive,r/vtuber,r/VirtualYoutubers
H6D2C4VR,3,r/umamusume,r/UmaMusume,r/gaming,r/anime
MCYP84X4,1,r/bowdoin,r/Bowdoin,r/college,r/Maine
MCYP84X4,2,r/Maine,r/Maine,r/NewEngland,r/PortlandME
MCYP84X4,3,r/NoahKahan,r/NoahKahan,r/music,r/indieheads
MCYP84X4,4,r/Twins,r/minnesotatwins,r/mlb,r/baseball
MCYP84X4,5,r/SeveranceAppleTVPlus,r/SeveranceAppleTVPlus,r/television,r/AppleTVPlus
MCYP84X4,6,r/SkiRacing,r/skiing,r/sports,r/winterolympics
97N7CQ49,1,r/languagelearning,r/languagelearning,r/polyglot,r/learnlanguages
97N7CQ49,2,r/thanksihateit,r/thanksihateit,r/oddlyterrifying,r/cringe
97N7CQ49,3,r/camphalfblood,r/camphalfblood,r/PercyJackson,r/books
97N7CQ49,4,r/voiceacting,r/voiceacting,r/acting,r/VoiceActing
97N7CQ49,5,r/nostupidquestions,r/NoStupidQuestions,r/AskReddit,r/explainlikeimfive
97N7CQ49,6,r/askreddit,r/AskReddit,r/NoStupidQuestions,r/TooAfraidToAsk
97N7CQ49,7,r/pettyrevenge,r/pettyrevenge,r/prorevenge,r/MaliciousCompliance
97N7CQ49,8,r/politics,r/politics,r/news,r/worldnews
97N7CQ49,9,r/kidsarefuckingstupid,r/kidsarefuckingstupid,r/cringe,r/PublicFreakout
97N7CQ49,10,r/mademesmile,r/MadeMeSmile,r/wholesomememes,r/UpliftingNews
00K73X1D,1,fauxmoi,r/Fauxmoi,r/popculturechat,r/blogsnark
00K73X1D,2,popculturechat,r/popculturechat,r/Fauxmoi,r/blogsnark
00K73X1D,3,television,r/television,r/popculturechat,r/TrueFilm
00K73X1D,4,indieheads,r/indieheads,r/popheads,r/music
00K73X1D,5,popheads,r/popheads,r/indieheads,r/music
00K73X1D,6,boston,r/boston,r/Massachusetts,r/NewEngland
00K73X1D,7,lainfluencersnark,r/LAinfluencersnark,r/Fauxmoi,r/blogsnark
00K73X1D,8,trueoffmychest,r/TrueOffMyChest,r/offmychest,r/confession
FYE2JV3H,1,Applying To College,r/ApplyingToCollege,r/college,r/gradadmissions
FYE2JV3H,2,Am I the Asshole,r/AmItheAsshole,r/AITAH,r/relationships
FYE2JV3H,3,Depop,r/Depop,r/fashion,r/ThriftStoreHauls
FYE2JV3H,4,Am I Overreacting,r/AmIOverreacting,r/relationship_advice,r/AITAH
FYE2JV3H,5,LongDistance,r/LongDistance,r/relationships,r/relationship_advice
FYE2JV3H,6,Confession,r/confession,r/offmychest,r/TrueOffMyChest
FYE2JV3H,7,BaldursGate3,r/BaldursGate3,r/gaming,r/pcgaming
FYE2JV3H,8,Memes,r/memes,r/dankmemes,r/wholesomememes
FYE2JV3H,9,What is it,r/whatisthisthing,r/NoStupidQuestions,r/HelpMeFind
PLC36LSR,1,r/whatisthisbird,r/whatisthisbird,r/birding,r/whatsthisbird
PLC36LSR,2,r/funnyanimals,r/aww,r/eyebleach,r/animalsbeingbros
PLC36LSR,3,r/birding,r/birding,r/ornithology,r/nature
PLC36LSR,4,r/skincareaddiction,r/SkincareAddiction,r/30PlusSkinCare,r/beauty
PLC36LSR,5,r/boston,r/boston,r/Massachusetts,r/NewEngland
PLC36LSR,6,r/mildlybaddrivers,r/mildlyinfuriating,r/IdiotsInCars,r/Wellthatsucks
PLC36LSR,7,r/marriage,r/Marriage,r/relationships,r/relationship_advice
PLC36LSR,8,r/30plusskincare,r/30PlusSkinCare,r/SkincareAddiction,r/beauty
PLC36LSR,9,r/AITA,r/AmItheAsshole,r/AITAH,r/relationships
7SUXPU9Y,1,chemistry,r/chemistry,r/askscience,r/chemhelp
7SUXPU9Y,2,textbooks,r/college,r/students,r/learnprogramming
7SUXPU9Y,3,AITA,r/AmItheAsshole,r/AITAH,r/relationships
7SUXPU9Y,4,sweetrevenge,r/pettyrevenge,r/prorevenge,r/MaliciousCompliance
7SUXPU9Y,5,physics,r/physics,r/askscience,r/learnmath
7SUXPU9Y,6,advice,r/Advice,r/relationship_advice,r/AskReddit
7SUXPU9Y,7,macbook,r/macbook,r/apple,r/techsupport
7SUXPU9Y,8,science,r/science,r/askscience,r/asksciencefiction
7SUXPU9Y,9,recipes,r/recipes,r/cooking,r/EatCheapAndHealthy
7SUXPU9Y,10,motherhood,r/Mommit,r/Parenting,r/beyondthebump
7SUXPU9Y,11,ghost,r/ghosts,r/paranormal,r/nosleep
7SUXPU9Y,12,paranormal,r/paranormal,r/ghosts,r/nosleep
7SUXPU9Y,13,headphones,r/headphones,r/audiophile,r/buildapc
7SUXPU9Y,14,nintendo,r/Nintendo,r/gaming,r/Switch
7SUXPU9Y,15,car,r/cars,r/askcarsales,r/MechanicAdvice
G8B6AJJV,1,r/onepelotonrealsub,r/peloton,r/fitness,r/homegym
G8B6AJJV,2,r/bravorealhousewives,r/BravoRealHousewives,r/popculturechat,r/BravoTV
G8B6AJJV,3,r/portlandme,r/PortlandME,r/Maine,r/NewEngland
G8B6AJJV,4,r/maine,r/Maine,r/NewEngland,r/PortlandME
G8B6AJJV,5,r/philadelphia,r/philadelphia,r/Pennsylvania,r/AskPhilly
G8B6AJJV,6,r/industryonhbo,r/television,r/TrueFilm,r/popculturechat
G8B6AJJV,7,r/carbuying,r/askcarsales,r/cars,r/personalfinance
G8B6AJJV,8,r/running,r/running,r/AdvancedRunning,r/fitness
G8B6AJJV,9,r/legaladvice,r/legaladvice,r/AskLawyers,r/legaladviceofftopic
G8B6AJJV,10,r/bravo,r/BravoTV,r/popculturechat,r/television
G8B6AJJV,11,r/summerhousebravo,r/BravoRealHousewives,r/popculturechat,r/television
VJJ2VCIY,1,study,r/GetStudying,r/studytips,r/college
VJJ2VCIY,2,Where to watch,r/cordcutters,r/piracy,r/television
VJJ2VCIY,3,where to download,r/piracy,r/CrackWatch,r/PiratedGames
VJJ2VCIY,4,where to read...,r/books,r/piracy,r/suggestmeabook
VJJ2VCIY,5,Study resources,r/GetStudying,r/studytips,r/college
VJJ2VCIY,6,Is this country safe...,r/travel,r/solotravel,r/expats
ZERL6DH6,1,r/asktheworld,r/AskReddit,r/TooAfraidToAsk,r/NoStupidQuestions
ZERL6DH6,2,r/muslimlounge,r/islam,r/Muslim,r/religion
ZERL6DH6,3,r/cats,r/cats,r/aww,r/Eyebleach
ZERL6DH6,4,r/movies,r/movies,r/TrueFilm,r/popculturechat
ZERL6DH6,5,r/islamichistory,r/IslamicHistory,r/history,r/islam
ZERL6DH6,6,r/supplements,r/Supplements,r/nutrition,r/fitness
ZERL6DH6,7,r/nyc,r/nyc,r/newyorkcity,r/travel
ZERL6DH6,8,r/askreddit,r/AskReddit,r/NoStupidQuestions,r/TooAfraidToAsk
ZERL6DH6,9,r/rbi,r/PersonalFinanceIndia,r/finance,r/personalfinance
ZERL6DH6,10,r/travel,r/travel,r/solotravel,r/expats
ZERL6DH6,11,r/interiordesign,r/interiordesign,r/homeimprovement,r/Design
ZERL6DH6,12,r/interestingasfuck,r/interestingasfuck,r/Damnthatsinteresting,r/mildlyinteresting
ZERL6DH6,13,r/youshouldknow,r/YouShouldKnow,r/LifeProTips,r/NoStupidQuestions
ZERL6DH6,14,r/thegirlsurvivalguide,r/thegirlsurvivalguide,r/TwoXChromosomes,r/selfimprovement
ZERL6DH6,15,r/french,r/French,r/languagelearning,r/france
ZERL6DH6,16,r/biohackers,r/Biohackers,r/Futurology,r/supplements
ZERL6DH6,17,r/museum,r/museums,r/art,r/history
UIBPJL1Q,1,r/neolibreal,r/neoliberal,r/politics,r/worldnews
UIBPJL1Q,2,r/poltiics,r/politics,r/worldnews,r/news
3YX63NZD,1,r/bipolar,r/bipolar,r/mentalhealth,r/AskDocs
3YX63NZD,2,r/aspbergers,r/aspergers,r/autism,r/neurodiversity
3YX63NZD,3,r/portlandme,r/PortlandME,r/Maine,r/NewEngland
3YX63NZD,4,r/depression,r/depression,r/mentalhealth,r/AskDocs
IN92PH3J,1,pcmasterrace,r/pcmasterrace,r/buildapc,r/gaming
IN92PH3J,2,dadjokes,r/dadjokes,r/jokes,r/funny
IN92PH3J,3,askmen,r/AskMen,r/AskWomen,r/relationships
IN92PH3J,4,humor,r/funny,r/memes,r/dankmemes
IN92PH3J,5,gaming,r/gaming,r/pcgaming,r/truegaming
IN92PH3J,6,ihadastroke,r/ihadastroke,r/cringe,r/funny
IN92PH3J,7,darkjokes,r/darkjokes,r/jokes,r/funny
IN92PH3J,8,skyrimmemes,r/skyrim,r/elderscrolls,r/gaming
OUSZQD8K,1,amIOverreacting,r/AmIOverreacting,r/relationship_advice,r/AITAH
OUSZQD8K,2,isthisAI,r/ArtificialIntelligence,r/ChatGPT,r/machinelearning
OUSZQD8K,3,PokemongoIVs,r/TheSilphRoad,r/pokemongo,r/gaming
OUSZQD8K,4,RunningXX,r/running,r/xxfitness,r/fitness
OUSZQD8K,5,Smosh,r/smosh,r/youtube,r/entertainment
OUSZQD8K,6,Maine,r/Maine,r/NewEngland,r/PortlandME
UVAI5SO9,1,r/cancer,r/cancer,r/AskDocs,r/health
UVAI5SO9,2,r/oralcancer,r/cancer,r/AskDocs,r/medical
40SNDKQR,1,r/traderjoes,r/TraderJoes,r/frugal,r/grocery
40SNDKQR,2,r/mildlyinteresting,r/mildlyinteresting,r/Damnthatsinteresting,r/pics
40SNDKQR,3,r/baking,r/Baking,r/recipes,r/cooking
40SNDKQR,4,r/squishmallow,r/squishmallow,r/toys,r/collectibles
40SNDKQR,5,r/PhotoshopRequest,r/photoshoprequest,r/PhotoshopBattles,r/design
40SNDKQR,6,r/FoodAllergies,r/FoodAllergies,r/AskDocs,r/health
40SNDKQR,7,r/tomodachilife,r/TomodachiLife,r/gaming,r/nintendo
ESNMRF10,1,r/mawinstallation,r/starwars,r/StarWarsBattlefront,r/gaming
ESNMRF10,2,r/navy,r/navy,r/military,r/newtothenavy
ESNMRF10,3,r/newtothenavy,r/newtothenavy,r/navy,r/military
ESNMRF10,4,r/okbuddyimatourist,r/memes,r/okbuddyretard,r/shitposting
ESNMRF10,5,r/starwarsempireatwar,r/EmpireAtWar,r/starwars,r/gaming
ESNMRF10,6,r/thepitt,r/television,r/medicalTV,r/greysanatomy
ESNMRF10,7,r/empiretotalwar,r/totalwar,r/gaming,r/strategy
ESNMRF10,8,r/starwarsships,r/starwars,r/scifi,r/StarWarsBattlefront
ESNMRF10,9,r/starwarsarmada,r/StarWarsArmada,r/tabletop,r/starwars
ESNMRF10,10,r/bombercrew,r/gaming,r/simulation,r/pcgaming
JDVDZARM,1,mortgage,r/personalfinance,r/realestate,r/financialindependence
JDVDZARM,2,Professors,r/Professors,r/academia,r/AskAcademia
JDVDZARM,3,PhD,r/PhD,r/GradSchool,r/AskAcademia
JDVDZARM,4,AITA,r/AmItheAsshole,r/AITAH,r/relationships
JDVDZARM,5,survivor,r/survivor,r/realitytv,r/television
JDVDZARM,6,Rainbowkittensurprise,r/music,r/indieheads,r/popheads
6VBV95IL,1,trees,r/trees,r/Marijuana,r/cannabis
6VBV95IL,2,flashlights,r/flashlights,r/EDC,r/gadgets
6VBV95IL,3,ems,r/ems,r/emergencymedicine,r/AskDocs
6VBV95IL,4,newtoems,r/ems,r/newtothenavy,r/Firefighting
6VBV95IL,5,wellthatsucks,r/Wellthatsucks,r/mildlyinfuriating,r/PublicFreakout
6VBV95IL,6,chemhelp,r/chemhelp,r/chemistry,r/learnchemistry
6VBV95IL,7,ameteurradio,r/amateurradio,r/electronics,r/hamradio
6VBV95IL,8,mildlyinteresting,r/mildlyinteresting,r/Damnthatsinteresting,r/pics
6VBV95IL,9,emergencymedicine,r/emergencymedicine,r/medicine,r/AskDocs
6VBV95IL,10,nostupidquestions,r/NoStupidQuestions,r/AskReddit,r/explainlikeimfive
6VBV95IL,11,answers,r/AskReddit,r/NoStupidQuestions,r/explainlikeimfive
6VBV95IL,12,bowdoin,r/Bowdoin,r/college,r/Maine
6VBV95IL,13,askreddit,r/AskReddit,r/NoStupidQuestions,r/TooAfraidToAsk
6VBV95IL,14,askdocs,r/AskDocs,r/medicine,r/AskDocs
6VBV95IL,15,whatshouldido,r/Advice,r/relationship_advice,r/NoStupidQuestions
6VBV95IL,16,alex,r/NoStupidQuestions,r/AskReddit,r/OutOfTheLoop
6VBV95IL,17,askcardiology,r/AskDocs,r/medicine,r/AskScience
6VBV95IL,18,askscience,r/askscience,r/science,r/AskPhysics
6VBV95IL,19,beamazed,r/BeAmazed,r/Damnthatsinteresting,r/interestingasfuck
6VBV95IL,20,bestof,r/bestof,r/AskReddit,r/todayilearned
6VBV95IL,21,cameras,r/cameras,r/photography,r/gadgets
6VBV95IL,22,camping,r/camping,r/outdoors,r/hiking
6VBV95IL,23,chesscom,r/chess,r/AnarchyChess,r/gaming
6VBV95IL,24,crazyideas,r/CrazyIdeas,r/showerthoughts,r/AskReddit
6VBV95IL,25,dataisbeautiful,r/dataisbeautiful,r/dataisugly,r/statistics
6VBV95IL,26,edc,r/EDC,r/flashlights,r/gadgets
6VBV95IL,27,icecoast,r/icecoast,r/skiing,r/NewEngland
6VBV95IL,28,lifeprotips,r/LifeProTips,r/YouShouldKnow,r/NoStupidQuestions
4CA4DFWP,1,noSleep,r/nosleep,r/shortscarystories,r/creepy
4CA4DFWP,2,AITA,r/AmItheAsshole,r/AITAH,r/relationships
4CA4DFWP,3,mildlyinteresting,r/mildlyinteresting,r/Damnthatsinteresting,r/pics
4CA4DFWP,4,amitheasshole,r/AmItheAsshole,r/AITAH,r/relationships
4CA4DFWP,5,whatisit,r/whatisthisthing,r/HelpMeFind,r/NoStupidQuestions
4CA4DFWP,6,mildlyinfuriating,r/mildlyinfuriating,r/Wellthatsucks,r/mildlyinteresting
4CA4DFWP,7,entitledpeople,r/EntitledPeople,r/IDontWorkHereLady,r/pettyrevenge
4CA4DFWP,8,askreddit,r/AskReddit,r/NoStupidQuestions,r/TooAfraidToAsk
YDKEN7JY,1,wwegames,r/WWEGames,r/sports,r/gaming
YDKEN7JY,2,nba,r/nba,r/basketball,r/sports
YDKEN7JY,3,workout,r/fitness,r/bodybuilding,r/xxfitness
YDKEN7JY,4,competitiveoverwatch,r/Competitiveoverwatch,r/Overwatch,r/gaming
YDKEN7JY,5,lego,r/lego,r/legostarwars,r/toys
YDKEN7JY,6,legoleak,r/Legoleak,r/lego,r/toys
YDKEN7JY,7,njpq,r/njpq,r/njpw,r/wrestling
YDKEN7JY,8,squaredcircle,r/SquaredCircle,r/wwe,r/wrestling
YDKEN7JY,9,presidents,r/Presidents,r/AskHistorians,r/politics
YDKEN7JY,10,stardomjoshi,r/stardomjoshi,r/wrestling,r/squaredcircle
YDKEN7JY,11,wredditschool,r/wredditschool,r/wrestling,r/fitness
YDKEN7JY,12,dc_cinematic,r/DC_Cinematic,r/movies,r/DCcomics
YDKEN7JY,13,frugal,r/Frugal,r/personalfinance,r/BuyItForLife
NRXHKYAS,1,r/rance,r/rance,r/anime,r/visualnovels
NRXHKYAS,2,r/Suisse,r/switzerland,r/europe,r/travel
NRXHKYAS,3,r/careerguidance,r/careerguidance,r/jobs,r/cscareerquestions
NRXHKYAS,4,r/NintendoSwitch,r/NintendoSwitch,r/Nintendo,r/gaming
S30LA614,1,r/syllo,r/NoStupidQuestions,r/AskReddit,r/explainlikeimfive
S30LA614,2,r/cuti,r/aww,r/cats,r/Eyebleach
S30LA614,3,r/eurail,r/travel,r/solotravel,r/europe
S30LA614,4,r/tooafraidtoasl,r/TooAfraidToAsk,r/AskReddit,r/NoStupidQuestions
B3MZX5TF,1,askreddit,r/AskReddit,r/NoStupidQuestions,r/TooAfraidToAsk
HZP27937,1,r/lifehacks,r/LifeProTips,r/YouShouldKnow,r/NoStupidQuestions
HZP27937,2,r/nostupidquestions,r/NoStupidQuestions,r/AskReddit,r/explainlikeimfive
HZP27937,3,r/netflix,r/netflix,r/television,r/popculturechat
HZP27937,4,r/fridaynightlights,r/television,r/TrueFilm,r/popculturechat
HZP27937,5,r/colleenhooverr/changemymind,r/books,r/BookTok,r/romancebooks
HZP27937,6,r/askanamerican,r/AskAnAmerican,r/AskReddit,r/worldnews
HZP27937,7,r/askreddit,r/AskReddit,r/NoStupidQuestions,r/TooAfraidToAsk
HZP27937,8,r/askwomen,r/AskWomen,r/AskMen,r/relationships
HZP27937,9,r/ask,r/AskReddit,r/NoStupidQuestions,r/TooAfraidToAsk
HZP27937,10,r/mildlyinfuriating,r/mildlyinfuriating,r/Wellthatsucks,r/mildlyinteresting
HZP27937,11,r/oddlysatisfying,r/oddlysatisfying,r/BeAmazed,r/mildlyinteresting
HZP27937,12,r/trucrime,r/TrueCrime,r/UnresolvedMysteries,r/crime
HZP27937,13,r/todayilearned,r/todayilearned,r/explainlikeimfive,r/AskReddit
HZP27937,14,r/unsolvedmysteries,r/UnresolvedMysteries,r/TrueCrime,r/crime
HZP27937,15,r/youshouldknow,r/YouShouldKnow,r/LifeProTips,r/NoStupidQuestions
HZP27937,16,r/whitepeopleontwitter,r/WhitePeopleTwitter,r/politics,r/memes
HZP27937,17,r/unpopularopinions,r/unpopularopinion,r/AskReddit,r/ChangeMyView
HZP27937,18,r/retail,r/retail,r/antiwork,r/jobs
HZP27937,19,r/popculturechat,r/popculturechat,r/Fauxmoi,r/blogsnark
HZP27937,20,r/diy,r/DIY,r/HomeImprovement,r/woodworking
HZP27937,21,r/fauxmoi,r/Fauxmoi,r/popculturechat,r/blogsnark
HZP27937,22,r/calculus,r/calculus,r/math,r/learnmath
HZP27937,23,r/homewrokhelp,r/HomeworkHelp,r/learnmath,r/studytips
FDULT82W,1,Artbusiness,r/ArtBusiness,r/artbusiness,r/art
FDULT82W,2,artistslounge,r/ArtistLounge,r/art,r/learnart
FDULT82W,3,adhd,r/ADHD,r/neurodiversity,r/mentalhealth
FDULT82W,4,adulting,r/adulting,r/selfimprovement,r/NoStupidQuestions
FDULT82W,5,askreddit,r/AskReddit,r/NoStupidQuestions,r/TooAfraidToAsk
6PJDUW9O,1,r/funny,r/funny,r/memes,r/dankmemes
6PJDUW9O,2,r/AskReddit,r/AskReddit,r/NoStupidQuestions,r/TooAfraidToAsk
6PJDUW9O,3,r/Music,r/music,r/popheads,r/indieheads
6PJDUW9O,4,r/worldnews,r/worldnews,r/news,r/politics
0L28O7LJ,1,paris,r/Paris,r/travel,r/france
0L28O7LJ,2,travel,r/travel,r/solotravel,r/expats
0L28O7LJ,3,sanfrancisco,r/sanfrancisco,r/bayarea,r/california
0L28O7LJ,4,cannedsardines,r/CannedSardines,r/food,r/frugal
0L28O7LJ,5,breakups,r/BreakUps,r/relationships,r/relationship_advice
0L28O7LJ,6,aita,r/AmItheAsshole,r/AITAH,r/relationships
0L28O7LJ,7,paristravelguide,r/ParisTravelGuide,r/travel,r/france
0L28O7LJ,8,costco,r/Costco,r/frugal,r/shopping
0L28O7LJ,9,cannedsardines,r/CannedSardines,r/food,r/frugal
0L28O7LJ,10,askreddit,r/AskReddit,r/NoStupidQuestions,r/TooAfraidToAsk
0L28O7LJ,11,sezane,r/fashion,r/frugalmalefashion,r/style
0L28O7LJ,12,smallville,r/Smallville,r/television,r/superman