subject,tag,original_subreddit,corrected_subreddit
0GMT2ITP,7,askreddit,r/AskReddit
0GMT2ITP,8,mildlyinfuriating,r/mildlyinfuriating
0GMT2ITP,9,taylorswift,r/TaylorSwift
0GMT2ITP,10,gaylorswift,r/GaylorSwift
0GMT2ITP,11,damnthatsinteresting,r/Damnthatsinteresting
0GMT2ITP,12,millenials,r/millennials
0GMT2ITP,13,fauxmoi,r/Fauxmoi
0GMT2ITP,14,mildlyinteresting,r/mildlyinteresting
0GMT2ITP,15,popculturechat,r/popculturechat
DUBYYHYX,1,/ftm,r/ftm
DUBYYHYX,2,/topsurgery,r/topsurgery
DUBYYHYX,3,/AITA,r/AmItheAsshole
DUBYYHYX,4,/decidingtobebetter,r/DecidingToBeBetter
DUBYYHYX,5,/mildlyinteresting,r/mildlyinteresting
DUBYYHYX,6,/frugal,r/Frugal
IEOJ1IW3,1,r/HonkaiStarRail,r/HonkaiStarRail
IEOJ1IW3,2,r/Reverse1999,r/Reverse1999
IEOJ1IW3,3,r/marvelrivals,r/marvelrivals
IEOJ1IW3,4,r/japanese,r/japanese
64LRAXDJ,1,hermit crabs,r/hermitcrabs
64LRAXDJ,2,art,r/art
64LRAXDJ,3,mental health,r/mentalhealth
64LRAXDJ,4,tattoo,r/tattoos
TPWBA9PZ,1,Medicine,r/medicine
TPWBA9PZ,2,Medicine,r/medicine
TPWBA9PZ,3,College applications,r/ApplyingToCollege
56M8U5A5,1,vexillology,r/vexillology
56M8U5A5,2,geography,r/geography
56M8U5A5,3,icecoast,r/icecoast
56M8U5A5,4,skiing,r/skiing
56M8U5A5,5,playboicarti,r/playboicarti
56M8U5A5,6,nonpoliticaltwitter,r/NonPoliticalTwitter
56M8U5A5,7,comedyheaven,r/comedyheaven
56M8U5A5,8,baseball,r/baseball
56M8U5A5,9,baseballcirclejerk,r/baseballcirclejerk
56M8U5A5,10,genz,r/GenZ
56M8U5A5,11,chatgpt,r/ChatGPT
56M8U5A5,12,travel,r/travel
56M8U5A5,13,hiphopheads,r/hiphopheads
O4NB1X6B,1,r/news,r/news
O4NB1X6B,2,r/funny,r/funny
O4NB1X6B,3,r/books,r/books
O4NB1X6B,4,r/nostupidquestions,r/NoStupidQuestions
O4NB1X6B,5,r/livestreamfail,r/LivestreamFail
O4NB1X6B,6,r/movies,r/movies
O4NB1X6B,7,r/politics,r/politics
O4NB1X6B,8,r/todayilearned,r/todayilearned
O4NB1X6B,9,r/memes,r/memes
O4NB1X6B,10,r/onepiece,r/OnePiece
O4NB1X6B,11,r/sipstea,r/SipsTea
O4NB1X6B,12,r/beamazed,r/BeAmazed
O4NB1X6B,13,r/diy,r/DIY
O4NB1X6B,14,r/nba,r/nba
O4NB1X6B,15,r/soccer,r/soccer
O4NB1X6B,17,r/wow,r/wow
O4NB1X6B,18,r/youtube,r/youtube
U7RW6MVC,1,nancy drew,r/NancyDrew
U7RW6MVC,2,makeup,r/Makeup
U7RW6MVC,3,cats,r/cats
U7RW6MVC,4,journaling,r/Journaling
U7RW6MVC,5,bisexual,r/bisexual
U7RW6MVC,6,hair,r/Hair
U7RW6MVC,7,maine,r/Maine
6XD6NVVO,1,r/ChanceMeInternational,r/chanceme
6XD6NVVO,3,r/ApplyingToCollege,r/ApplyingToCollege
6XD6NVVO,4,r/beatles,r/beatles
VNSY2V6A,2,r/StockMarket,r/StockMarket
K6LTYZJH,1,r/AITAH,r/AmItheAsshole
K6LTYZJH,2,r/midlyinfuriating,r/mildlyinfuriating
K6LTYZJH,4,r/bowdoin,r/Bowdoin
K6LTYZJH,5,r/skincareaddiction,r/SkincareAddiction
K6LTYZJH,7,r/mfdoom,r/mfdoom
XILQXDX5,1,apples,r/apples
XILQXDX5,2,adulting,r/Adulting
XILQXDX5,3,chemistry,r/chemistry
XILQXDX5,4,askhistorians,r/AskHistorians
XILQXDX5,5,chineselanguge,r/ChineseLanguage
XILQXDX5,6,collegerant,r/CollegeRant
XILQXDX5,7,drawing,r/drawing
XILQXDX5,8,decidingtobebetter,r/DecidingToBeBetter
XILQXDX5,9,bpd,r/BPD
XILQXDX5,10,depressionmeals,r/depressionmeals
XILQXDX5,11,learntodraw,r/learntodraw
XILQXDX5,12,neuroscience,r/neuroscience
XILQXDX5,13,newjersey,r/newjersey
XILQXDX5,14,maine,r/Maine
XILQXDX5,15,pharmacology,r/pharmacology
XILQXDX5,16,rats,r/RATS
XILQXDX5,17,sleep,r/sleep
XILQXDX5,18,todayilearned,r/todayilearned
XILQXDX5,19,whatisthisbird,r/whatsthisbird
XILQXDX5,20,whatisthisbug,r/whatsthisbug
8JEQ20SU,1,read,r/books
JEW0DH9D,1,college,r/college
JEW0DH9D,2,fatsquirrels,r/fatsquirrelhate
JEW0DH9D,4,piercing,r/piercing
JEW0DH9D,5,RoastMe,r/RoastMe
JEW0DH9D,6,crochet,r/crochet
JEW0DH9D,7,oddlysatisfying,r/oddlysatisfying
J8N7DCDH,1,books,r/books
J8N7DCDH,2,shows,r/television
J8N7DCDH,3,politics,r/politics
J8N7DCDH,4,drama,r/drama
73N2RQWR,2,AITA,r/AmItheAsshole
73N2RQWR,3,networking,r/networking
73N2RQWR,4,cooking,r/cooking
73N2RQWR,5,baking,r/Baking
73N2RQWR,6,bracelets,r/jewelrymaking
73N2RQWR,7,financialfreedom,r/financialindependence
73N2RQWR,9,explain like im 5,r/explainlikeimfive
73N2RQWR,10,biochemistry,r/biochemistry
73N2RQWR,11,buyitforlife,r/BuyItForLife
Q3MFUDV9,1,jujutsofolk,r/Jujutsufolk
Q3MFUDV9,2,nfl,r/nfl
Q3MFUDV9,3,nba,r/nba
Q3MFUDV9,4,eldenring,r/Eldenring
Q3MFUDV9,5,49ers,r/49ers
Q3MFUDV9,6,askhistorians,r/AskHistorians
Q3MFUDV9,7,gaming,r/gaming
Q3MFUDV9,8,starwars,r/StarWars
Q3MFUDV9,9,crazyfuckingvideos,r/CrazyFuckingVideos
Q3MFUDV9,10,asoif,r/asoiaf
Q3MFUDV9,11,credibledefense,r/CredibleDefense
Q3MFUDV9,12,todayilearned,r/todayilearned
Q3MFUDV9,13,fantasyfootball,r/fantasyfootball
YVQX6LL1,1,Professors,r/Professors
YVQX6LL1,2,Sims4,r/Sims4
YVQX6LL1,3,Lawschooladmissions,r/lawschooladmissions
YVQX6LL1,4,SpanishLearning,r/SpanishLearning
YVQX6LL1,5,mildlyinteresting,r/mildlyinteresting
YVQX6LL1,6,LawSchool,r/LawSchool
YVQX6LL1,7,studytips,r/studytips
YVQX6LL1,8,CollegeRant,r/CollegeRant
YVQX6LL1,9,Fauxmoi,r/Fauxmoi
YVQX6LL1,10,popculturechat,r/popculturechat
YVQX6LL1,11,beauty,r/beauty
YVQX6LL1,12,LSAT,r/LSAT
YVQX6LL1,13,Handwriting,r/Handwriting
YVQX6LL1,14,redscarepod,r/redscarepod
YVQX6LL1,15,Spanish,r/Spanish
YVQX6LL1,16,Applyingtocollege,r/ApplyingToCollege
YVQX6LL1,17,college,r/college
YVQX6LL1,18,Getstudying,r/GetStudying
HCBTBYHS,1,r/vegan,r/vegan
HCBTBYHS,2,r/gradschool,r/GradSchool
HCBTBYHS,3,r/netflix,r/netflix
GNLFFB4P,1,r/uswnt,r/NWSL
GNLFFB4P,2,r/nashville,r/nashville
GNLFFB4P,3,r/savannah,r/savannah
GNLFFB4P,4,r/tennesseetitans,r/Tennesseetitans
GNLFFB4P,5,r/noahkahan,r/noahkahan
GNLFFB4P,6,r/thewire,r/TheWire
AWO2EA8Q,1,emergencymedicine,r/emergencymedicine
AWO2EA8Q,2,bowdoin,r/Bowdoin
AWO2EA8Q,3,emergencyroom,r/emergencyroom
AWO2EA8Q,5,medical,r/medicine
AWO2EA8Q,6,medschool,r/medicalschool
AWO2EA8Q,7,premed,r/premed
AWO2EA8Q,8,residency,r/Residency
AWO2EA8Q,10,uppereastside,r/uppereastside
AWO2EA8Q,11,nyc,r/nyc
AWO2EA8Q,12,greysanatomy,r/greysanatomy
NXGNLGFN,1,baseball,r/baseball
NXGNLGFN,2,redsox,r/redsox
NXGNLGFN,3,patriots,r/patriots
NXGNLGFN,4,nfl,r/nfl
NXGNLGFN,5,hockey,r/hockey
NXGNLGFN,6,BostonBruins,r/BostonBruins
NXGNLGFN,7,bostonceltics,r/bostonceltics
NXGNLGFN,8,boxoffice,r/boxoffice
NXGNLGFN,9,flights,r/flights
NXGNLGFN,10,delta,r/delta
NXGNLGFN,11,duolingo,r/duolingo
NXGNLGFN,12,strangerthings,r/StrangerThings
9O2ABUMY,2,R/ Personal Finance,r/personalfinance
9O2ABUMY,3,R/ Jobs,r/jobs
9O2ABUMY,4,R/ Superstore,r/Superstore
NHCBLFL1,1,r/AITA,r/AmItheAsshole
NHCBLFL1,2,r/AITA,r/AmItheAsshole
NHCBLFL1,3,r/unexpected,r/Unexpected
NHCBLFL1,4,r/cute,r/cute
NHCBLFL1,7,r/maybemaybemaybe,r/maybemaybemaybe
NHCBLFL1,8,r/askreddit,r/AskReddit
NHCBLFL1,9,r/mildlyinfuriating,r/mildlyinfuriating
NHCBLFL1,10,r/backyardchickens,r/BackyardChickens
NHCBLFL1,11,r/aww,r/aww
NHCBLFL1,12,r/wholesome,r/wholesomememes
0GMT2ITP,7,askreddit,r/AskReddit
0GMT2ITP,8,mildlyinfuriating,r/mildlyinfuriating
0GMT2ITP,9,taylorswift,r/TaylorSwift
0GMT2ITP,10,gaylorswift,r/GaylorSwift
0GMT2ITP,11,damnthatsinteresting,r/Damnthatsinteresting
0GMT2ITP,12,millenials,r/millennials
0GMT2ITP,13,fauxmoi,r/Fauxmoi
0GMT2ITP,14,mildlyinteresting,r/mildlyinteresting
0GMT2ITP,15,popculturechat,r/popculturechat
DUBYYHYX,1,/ftm,r/ftm
DUBYYHYX,2,/topsurgery,r/topsurgery
DUBYYHYX,3,/AITA,r/AmItheAsshole
DUBYYHYX,4,/decidingtobebetter,r/DecidingToBeBetter
DUBYYHYX,5,/mildlyinteresting,r/mildlyinteresting
DUBYYHYX,6,/frugal,r/Frugal
IEOJ1IW3,1,r/HonkaiStarRail,r/HonkaiStarRail
IEOJ1IW3,2,r/Reverse1999,r/Reverse1999
IEOJ1IW3,3,r/marvelrivals,r/marvelrivals
IEOJ1IW3,4,r/japanese,r/LearnJapanese
64LRAXDJ,1,hermit crabs,r/hermitcrabs
64LRAXDJ,2,art,r/Art
64LRAXDJ,3,mental health,r/mentalhealth
64LRAXDJ,4,tattoo,r/tattoos
TPWBA9PZ,1,Medicine,r/medicine
TPWBA9PZ,2,Medicine,r/medicine
TPWBA9PZ,3,College applications,r/ApplyingToCollege
56M8U5A5,1,vexillology,r/vexillology
56M8U5A5,2,geography,r/geography
56M8U5A5,3,icecoast,r/icecoast
56M8U5A5,4,skiing,r/skiing
56M8U5A5,5,playboicarti,r/playboicarti
56M8U5A5,6,nonpoliticaltwitter,r/NonPoliticalTwitter
56M8U5A5,7,comedyheaven,r/comedyheaven
56M8U5A5,8,baseball,r/baseball
56M8U5A5,9,baseballcirclejerk,r/baseballcirclejerk
56M8U5A5,10,genz,r/GenZ
56M8U5A5,11,chatgpt,r/ChatGPT
56M8U5A5,12,travel,r/travel
56M8U5A5,13,hiphopheads,r/hiphopheads
O4NB1X6B,1,r/news,r/news
O4NB1X6B,2,r/funny,r/funny
O4NB1X6B,3,r/books,r/books
O4NB1X6B,4,r/nostupidquestions,r/NoStupidQuestions
O4NB1X6B,5,r/livestreamfail,r/LivestreamFail
O4NB1X6B,6,r/movies,r/movies
O4NB1X6B,7,r/politics,r/politics
O4NB1X6B,8,r/todayilearned,r/todayilearned
O4NB1X6B,9,r/memes,r/memes
O4NB1X6B,10,r/onepiece,r/OnePiece
O4NB1X6B,11,r/sipstea,r/SipsTea
O4NB1X6B,12,r/beamazed,r/BeAmazed
O4NB1X6B,13,r/diy,r/DIY
O4NB1X6B,14,r/nba,r/nba
O4NB1X6B,15,r/soccer,r/soccer
O4NB1X6B,16,r/badroomates,r/badroommates
O4NB1X6B,17,r/wow,r/wow
O4NB1X6B,18,r/youtube,r/youtube
U7RW6MVC,1,nancy drew,r/NancyDrew
U7RW6MVC,2,makeup,r/Makeup
U7RW6MVC,3,cats,r/cats
U7RW6MVC,4,journaling,r/Journaling
U7RW6MVC,5,bisexual,r/bisexual
U7RW6MVC,6,hair,r/Hair
U7RW6MVC,7,maine,r/Maine
6XD6NVVO,1,r/ChanceMeInternational,r/chanceme
6XD6NVVO,2,r/Epicthemuscial,r/musicals
6XD6NVVO,3,r/ApplyingToCollege,r/ApplyingToCollege
6XD6NVVO,4,r/beatles,r/beatles
K6LTYZJH,1,r/AITAH,r/AITAH
K6LTYZJH,2,r/midlyinfuriating,r/mildlyinfuriating
K6LTYZJH,3,r/heatedrivalry,r/heatedrivalry
K6LTYZJH,4,r/bowdoin,r/Bowdoin
K6LTYZJH,5,r/skincareaddiction,r/SkincareAddiction
K6LTYZJH,6,r/mfdoon,r/mfdoom
K6LTYZJH,7,r/mfdoom,r/mfdoom
XILQXDX5,1,apples,r/apples
XILQXDX5,2,adulting,r/Adulting
XILQXDX5,3,chemistry,r/chemistry
XILQXDX5,4,askhistorians,r/AskHistorians
XILQXDX5,5,chineselanguge,r/ChineseLanguage
XILQXDX5,6,collegerant,r/CollegeRant
XILQXDX5,7,drawing,r/drawing
XILQXDX5,8,decidingtobebetter,r/DecidingToBeBetter
XILQXDX5,9,bpd,r/BPD
XILQXDX5,10,depressionmeals,r/depressionmeals
XILQXDX5,11,learntodraw,r/learnart
XILQXDX5,12,neuroscience,r/neuroscience
XILQXDX5,13,newjersey,r/newjersey
XILQXDX5,14,maine,r/Maine
XILQXDX5,15,pharmacology,r/pharmacology
XILQXDX5,16,rats,r/RATS
XILQXDX5,17,sleep,r/sleep
XILQXDX5,18,todayilearned,r/todayilearned
XILQXDX5,19,whatisthisbird,r/whatsthisbird
XILQXDX5,20,whatisthisbug,r/whatsthisbug
FMEAYODJ,3,just,r/AskReddit
FMEAYODJ,4,after,r/AskReddit
FMEAYODJ,5,researching,r/AskReddit
FMEAYODJ,6,something,r/AskReddit
1GN1XY5J,1,Askreddit,r/AskReddit
OUSZQD8K,1,amIOverreacting,r/AmIOverreacting
OUSZQD8K,2,isthisAI,r/IsItAI
OUSZQD8K,3,PokemongoIVs,r/TheSilphRoad
OUSZQD8K,4,RunningXX,r/running
OUSZQD8K,5,Smosh,r/smosh
OUSZQD8K,6,Maine,r/Maine
222K3HK3,1,How to get a job,r/careerguidance
222K3HK3,2,How to get a job in clinical research,r/clinicalresearch
222K3HK3,3,How to tell if this is the correct career for you,r/careerguidance
222K3HK3,4,Where to find clinical research jobs,r/clinicalresearch
222K3HK3,5,Best interviewing practices,r/jobs
222K3HK3,6,How to get better at interviewing,r/jobs
Q0O094FV,1,r/funny,r/funny
Q0O094FV,2,r/AskReddit,r/AskReddit
Q0O094FV,3,r/worldnews,r/worldnews
Q0O094FV,4,r/todayilearned,r/todayilearned
Q0O094FV,5,r/aww,r/aww
Q0O094FV,6,r/Music,r/Music
Q0O094FV,7,r/movies,r/movies
Q0O094FV,8,r/memes,r/memes
Q0O094FV,9,r/science,r/science
ESNMRF10,1,r/mawinstallation,r/mawinstallation
ESNMRF10,2,r/navy,r/navy
ESNMRF10,3,r/newtothenavy,r/newtothenavy
ESNMRF10,4,r/okbuddyimatourist,r/okbuddyimatourist
ESNMRF10,5,r/starwarsempireatwar,r/StarWarsEmpireAtWar
ESNMRF10,6,r/thepitt,r/thepitt
ESNMRF10,7,r/empiretotalwar,r/EmpireTotalWar
ESNMRF10,8,r/starwarships,r/StarWarsShips
ESNMRF10,9,r/starwarsarmada,r/StarWarsArmada
ESNMRF10,10,r/bombercrew,r/BomberCrew
40SNDKQR,1,r/traderjoes,r/TraderJoes
40SNDKQR,2,r/mildlyinteresting,r/mildlyinteresting
40SNDKQR,3,r/baking,r/Baking
40SNDKQR,4,r/squishmallow,r/squishmallow
40SNDKQR,5,r/PhotoshopRequest,r/PhotoshopRequest
40SNDKQR,6,r/FoodAllergies,r/FoodAllergies
40SNDKQR,7,r/tomodachilife,r/tomodachilife
8JEH1CCN,1,True crime,r/TrueCrime
8JEH1CCN,2,reading,r/books
8JEH1CCN,3,books,r/books
8JEH1CCN,4,ChangeMyView,r/changemyview
8JEH1CCN,5,Dreams,r/Dreams
8JEH1CCN,6,worldnews,r/worldnews
8JEH1CCN,7,in depth stories,r/Longreads
8JEH1CCN,8,change my view,r/changemyview
RA3E28NX,1,r/robinhobb,r/RobinHobb
RA3E28NX,2,r/cosmere,r/Cosmere
RA3E28NX,3,r/booms,r/books
RA3E28NX,4,r/books,r/books
X7NJHDH5,1,not sure,r/AskReddit
X7NJHDH5,2,wlw,r/actuallesbians
X7NJHDH5,3,gay,r/lgbt
X7NJHDH5,4,food,r/food
X7NJHDH5,5,losangeles,r/LosAngeles
X7NJHDH5,6,portlandmaine,r/Maine
X7NJHDH5,7,pwm,r/Maine
X7NJHDH5,8,dallas,r/Dallas
X7NJHDH5,9,thrift,r/ThriftStoreHauls
X7NJHDH5,10,vintage,r/vintage
X7NJHDH5,11,lesbian,r/actuallesbians
JDVDZARM,1,mortgage,r/personalfinance
JDVDZARM,2,Professors,r/Professors
JDVDZARM,3,PhD,r/PhD
JDVDZARM,4,AITA,r/AmItheAsshole
JDVDZARM,5,survivor,r/survivor
JDVDZARM,6,Rainbowkittensurprise,r/rainbowkittensurprise
CR5FX38I,1,Watch people die inside,r/watchpeopledieinside
CR5FX38I,2,aita,r/AmItheAsshole
CR5FX38I,3,aitah,r/AITAH
CR5FX38I,4,instantbarbarians,r/AskReddit
CR5FX38I,5,civ5,r/civ
CR5FX38I,6,maliciouscompliance,r/maliciouscompliance
CR5FX38I,7,magicthecirclejerking,r/magicthecirclejerking
CR5FX38I,8,askreddit,r/AskReddit
CR5FX38I,9,EDH,r/EDH
CR5FX38I,10,TIFU,r/tifu
CR5FX38I,11,Maine,r/Maine
CR5FX38I,12,custom magic,r/magicTCG
WE4X1N4Z,1,Bowdoin,r/Bowdoin
WE4X1N4Z,2,Relationships,r/relationships
WE4X1N4Z,3,Academic performance,r/college
WE4X1N4Z,4,Writing,r/writing
WE4X1N4Z,5,Girlfriend boyfriend,r/relationships
HRGLC5V1,1,r/AskScience,r/AskScience
HRGLC5V1,2,r/movies,r/movies
HRGLC5V1,3,r/college,r/college
HRGLC5V1,4,r/books,r/books
RCJ6Q2CR,1,r/premed,r/premed
RCJ6Q2CR,2,r/mdphd,r/MDPhD
Q1UDZH9M,1,NameNerds,r/namenerds
Q1UDZH9M,2,Jujutsufolk,r/Jujutsufolk
Q1UDZH9M,3,Chainsawfolk,r/Chainsawfolk
Q1UDZH9M,4,yuri_manga,r/yuri_manga
Q1UDZH9M,5,Anime,r/anime
Q1UDZH9M,6,marvelrivals,r/marvelrivals
Q1UDZH9M,7,lifeisstrange,r/lifeisstrange
3MDWI5NI,1,flashlights,r/flashlights
3MDWI5NI,2,EMS,r/EMS
3MDWI5NI,3,newtoems,r/NewToEMS
3MDWI5NI,4,sourdough,r/Sourdough
3MDWI5NI,5,trees,r/trees
3MDWI5NI,6,nostupidquestions,r/NoStupidQuestions
3MDWI5NI,7,askreddit,r/AskReddit
3MDWI5NI,8,whatshouldido,r/Advice
3MDWI5NI,9,nostupidquestiions,r/NoStupidQuestions
3MDWI5NI,10,crazyideas,r/crazyideas
3MDWI5NI,11,rbi,r/RedditBureauOfInvestigation
3MDWI5NI,12,askscience,r/AskScience
3MDWI5NI,13,patriots,r/Patriots
3MDWI5NI,14,nflnoobs,r/nflnoobs
3MDWI5NI,15,aio,r/AmItheAsshole
3MDWI5NI,16,mildlyinteresting,r/mildlyinteresting
3MDWI5NI,17,ametureradio,r/amateurradio
3MDWI5NI,18,hamradio,r/amateurradio
3MDWI5NI,19,lifeprotips,r/LifeProTips
NRXHKYAS,1,r/rance,r/rance
NRXHKYAS,2,r/Suisse,r/Suisse
NRXHKYAS,3,r/careerguidance,r/careerguidance
NRXHKYAS,4,r/NintendoSwitch,r/NintendoSwitch
YDKEN7JY,1,wwegames,r/WWEGames
YDKEN7JY,2,nba,r/nba
YDKEN7JY,3,workout,r/Fitness
YDKEN7JY,4,competitiveoverwatch,r/OverwatchUniversity
YDKEN7JY,5,lego,r/lego
YDKEN7JY,6,legoleak,r/lego
YDKEN7JY,7,njpq,r/NJPW
YDKEN7JY,8,squaredcircle,r/SquaredCircle
YDKEN7JY,9,presidents,r/Presidents
YDKEN7JY,10,stardomjoshi,r/stardomjoshi
YDKEN7JY,11,wredditschool,r/WredditSchool
YDKEN7JY,12,dc_cinematic,r/DC_Cinematic
YDKEN7JY,13,frugal,r/Frugal
4CA4DFWP,1,noSleep,r/nosleep
4CA4DFWP,2,AITA,r/AmItheAsshole
4CA4DFWP,3,mildlyinteresting,r/mildlyinteresting
4CA4DFWP,4,amitheasshole,r/AmItheAsshole
4CA4DFWP,5,whatisit,r/whatisthisthing
4CA4DFWP,6,mildlyinfuriating,r/mildlyinfuriating
4CA4DFWP,7,entitledpeople,r/entitledpeople
4CA4DFWP,8,askreddit,r/AskReddit
X9DHE97U,1,Finance careers,r/FinancialCareers
X9DHE97U,2,cities,r/cities
S30LA614,1,r/syllo,r/syllo
S30LA614,2,r/cuti,r/cuti
S30LA614,3,r/eurail,r/Eurail
S30LA614,4,r/tooafraidtoasl,r/TooAfraidToAsk
B3MZX5TF,1,askreddit,r/AskReddit
HZP27937,1,r/lifehacks,r/LifeHacks
HZP27937,2,r/nostupidquestions,r/NoStupidQuestions
HZP27937,3,r/netflix,r/netflix
HZP27937,4,r/fridaynightlights,r/FridayNightLights
HZP27937,5,r/colleenhooverr/changemymind,r/AskReddit
HZP27937,6,r/askanamerican,r/AskAnAmerican
HZP27937,7,r/askreddit,r/AskReddit
HZP27937,8,r/askwomen,r/AskWomen
HZP27937,9,r/ask,r/AskReddit
HZP27937,10,r/mildlyinfuriating,r/mildlyinfuriating
HZP27937,11,r/oddlysatisfying,r/oddlysatisfying
HZP27937,12,r/trucrime,r/TrueCrime
HZP27937,13,r/todayilearned,r/todayilearned
HZP27937,14,r/unsolvedmysteries,r/UnsolvedMysteries
HZP27937,15,r/youshouldknow,r/YouShouldKnow
HZP27937,16,r/whitepeopleontwitter,r/WhitePeopleTwitter
HZP27937,17,r/unpopularopinions,r/unpopularopinion
HZP27937,18,r/retail,r/retail
HZP27937,19,r/popculturechat,r/popculturechat
HZP27937,20,r/diy,r/DIY
HZP27937,21,r/fauxmoi,r/Fauxmoi
HZP27937,22,r/calculus,r/calculus
HZP27937,23,r/homewrokhelp,r/HomeworkHelp
FDULT82W,1,Artbusiness,r/ArtBusiness
FDULT82W,2,artistslounge,r/ArtistsLounge
FDULT82W,3,adhd,r/ADHD
FDULT82W,4,adulting,r/Adulting
FDULT82W,5,askreddit,r/AskReddit
6PJDUW9O,1,r/funny,r/funny
6PJDUW9O,2,r/AskReddit,r/AskReddit
6PJDUW9O,3,r/Music,r/Music
6PJDUW9O,4,r/worldnews,r/worldnews
G3QXC5TF,1,REU,r/REU
G3QXC5TF,2,things related to random questions i have,r/AskReddit
FO6DCNEF,1,travel,r/travel
FO6DCNEF,2,paristravelguide,r/ParisTravelGuide
FO6DCNEF,3,breakup,r/breakups
FO6DCNEF,4,aita,r/AmItheAsshole
FO6DCNEF,5,costco,r/Costco
FO6DCNEF,6,cooking,r/cooking
FO6DCNEF,7,nutrition,r/nutrition
FO6DCNEF,8,cannedsardines,r/CannedSardines
FO6DCNEF,9,sezane,r/Sezane
FO6DCNEF,10,piano,r/piano
FO6DCNEF,11,smallville,r/smallville
FO6DCNEF,12,sanfrancisco,r/sanfrancisco
FO6DCNEF,13,askreddit,r/AskReddit
0L28O7LJ,1,paris,r/Paris
0L28O7LJ,2,travel,r/travel
0L28O7LJ,3,sanfrancisco,r/sanfrancisco
0L28O7LJ,4,cannedsardines,r/CannedSardines
0L28O7LJ,5,breakups,r/breakups
0L28O7LJ,6,aita,r/AmItheAsshole
0L28O7LJ,7,paristravelguide,r/ParisTravelGuide
0L28O7LJ,8,costco,r/Costco
0L28O7LJ,9,cannedsardines,r/CannedSardines
0L28O7LJ,10,askreddit,r/AskReddit
0L28O7LJ,11,sezane,r/Sezane
0L28O7LJ,12,smallville,r/smallville