subject,tag,original_interest,corrected_interest,subreddits
DUBYYHYX,1,geopolitics,geopolitics,r/geopolitics
DUBYYHYX,2,natural science,natural science,r/science
DUBYYHYX,3,math,mathematics,r/math
DUBYYHYX,4,philosophy,philosophy,r/philosophy
DUBYYHYX,5,neuroscience,neuroscience,r/neuroscience
DUBYYHYX,6,Arabic,Arabic language,r/learn_arabic
DUBYYHYX,7,linguistics,linguistics,r/linguistics
DUBYYHYX,8,gender theory,gender theory,r/gender
DUBYYHYX,9,sociology,sociology,r/sociology
DUBYYHYX,10,rationality behavior and choice, rationality and behavior,r/slatestarcodex
IEOJ1IW3,1,lore theories,lore theories,r/FanTheories
IEOJ1IW3,2,content leaks,content leaks,r/GamingLeaksAndRumours
IEOJ1IW3,3,discussion posts,discussions,r/AskReddit
IEOJ1IW3,4,answers to questions,answers,r/NoStupidQuestions
IEOJ1IW3,5,statistical data,statistics,r/statistics
IEOJ1IW3,6,guides,guides,r/guides
64LRAXDJ,1,hermit crabs,hermit crabs,r/hermitcrabs
64LRAXDJ,2,cooking,cooking,r/cooking
64LRAXDJ,3,dogs,dogs,r/dogs
64LRAXDJ,4,cats,cats,r/cats
64LRAXDJ,5,art,art,r/art
64LRAXDJ,6,tattoos,tattoos,r/tattoos
64LRAXDJ,7,music,music,r/music
64LRAXDJ,8,news,news,r/news
64LRAXDJ,9,nonprofits,nonprofits,r/nonprofit
64LRAXDJ,10,conservation,conservation,r/conservation
64LRAXDJ,11,volunteering,volunteering,r/volunteer
64LRAXDJ,12,memes,memes,r/memes
64LRAXDJ,13,clothing,clothing,r/fashion
64LRAXDJ,14,animals,animals,r/animals
64LRAXDJ,15,international news,international news,r/worldnews
64LRAXDJ,16,dinosaurs,dinosaurs,r/Dinosaurs
64LRAXDJ,17,jurassic park,Jurassic Park,r/jurassicpark
64LRAXDJ,18,mental health awareness,mental health,r/mentalhealth
TPWBA9PZ,1,pets,pets,r/pets
TPWBA9PZ,2,philosophy,philosophy,r/philosophy
TPWBA9PZ,3,book clubs,book clubs,r/bookclub
56M8U5A5,1,baseball,baseball,r/baseball
56M8U5A5,2,skiing,skiing,r/skiing
56M8U5A5,3,flags and geography,flags and geography,r/vexillology
56M8U5A5,4,music,music,r/music
56M8U5A5,5,news and economics,news and economics,r/economics
O4NB1X6B,1,news,news,r/news
O4NB1X6B,2,politics,politics,r/politics
O4NB1X6B,3,movies,movies,r/movies
O4NB1X6B,4,books,books,r/books
O4NB1X6B,5,economics,economics,r/economics
O4NB1X6B,6,finance,finance,r/finance
O4NB1X6B,7,stocks,stocks,r/stocks
O4NB1X6B,8,youtube,YouTube,r/youtube
O4NB1X6B,9,social media,social media,r/socialmedia
O4NB1X6B,10,travel,travel,r/travel
O4NB1X6B,11,shopping,shopping,r/shopping
O4NB1X6B,12,environment,environment,r/environment
O4NB1X6B,13,food,food,r/food
O4NB1X6B,14,job,career,r/jobs
O4NB1X6B,15,tv,TV,r/television
O4NB1X6B,16,influencer,influencers,r/influencers
U7RW6MVC,1,slice of life,slice of life,r/casualconversation
U7RW6MVC,2,blogging,blogging,r/blogging
U7RW6MVC,3,opinion,opinion,r/unpopularopinion
U7RW6MVC,4,routine,routine,r/productivity
U7RW6MVC,5,adhd,ADHD,r/ADHD
6XD6NVVO,1,news,news,r/news
6XD6NVVO,2,fandoms,fandoms,r/fandom
6XD6NVVO,3,trivia,trivia,r/trivia
6XD6NVVO,4,music,music,r/music
6XD6NVVO,5,arts,arts,r/Art
6XD6NVVO,6,fiction books of all kind,fiction books,r/books
VNSY2V6A,1,history,history,r/history
VNSY2V6A,2,philosophy,philosophy,r/philosophy
VNSY2V6A,3,culture,culture,r/culture
VNSY2V6A,4,vacations,travel,r/travel
VNSY2V6A,5,news,news,r/news
K6LTYZJH,1,celebrity news,celebrity news,r/celebrity
K6LTYZJH,2,fashion,fashion,r/fashion
K6LTYZJH,3,cooking,cooking,r/cooking
XILQXDX5,1,neuroscience,neuroscience,r/neuroscience
XILQXDX5,2,pharmacology,pharmacology,r/pharmacology
XILQXDX5,3,chemistry,chemistry,r/chemistry
XILQXDX5,4,nature,nature,r/nature
XILQXDX5,5,environment,environment,r/environment
XILQXDX5,6,technology,technology,r/technology
XILQXDX5,7,drug development,drug development,r/biotech
XILQXDX5,8,chinese,Chinese language,r/ChineseLanguage
XILQXDX5,9,video games,video games,r/gaming
XILQXDX5,10,news,news,r/news
XILQXDX5,11,poetry,poetry,r/poetry
XILQXDX5,12,tutorials,tutorials,r/DIY
XILQXDX5,13,educational content,education,r/education
XILQXDX5,14,venting,venting,r/vent
XILQXDX5,15,therapy,therapy,r/therapy
XILQXDX5,16,self-help,self-help,r/selfimprovement
XILQXDX5,17,adhd,ADHD,r/ADHD
XILQXDX5,18,depression,depression,r/depression
8JEQ20SU,1,chinese,Chinese language,r/ChineseLanguage
JEW0DH9D,1,travel,travel,r/travel
J8N7DCDH,1,drama,drama,r/drama
J8N7DCDH,2,news,news,r/news
J8N7DCDH,3,fantasy,fantasy,r/Fantasy
J8N7DCDH,4,learning,learning,r/education
73N2RQWR,1,fiction,fiction,r/books
73N2RQWR,2,books,books,r/books
73N2RQWR,3,movies,movies,r/movies
73N2RQWR,4,tv shows,TV shows,r/television
73N2RQWR,5,reels,short videos,r/videos
73N2RQWR,6,recipes,recipes,r/recipes
Q3MFUDV9,1,conversation skills,conversation skills,r/socialskills
Q3MFUDV9,2,cultural understanding,cultural understanding,r/AskAnthropology
Q3MFUDV9,3,foreign perspectives,global perspectives,r/worldnews
U2N1A8VX,1,pop culture,pop culture,r/popculture
U2N1A8VX,2,career insights,career insights,r/careerguidance
U2N1A8VX,3,health and wellness,health and wellness,r/health
YVQX6LL1,1,Current events,current events,r/news
YVQX6LL1,2,Pop culture,pop culture,r/popculture
YVQX6LL1,3,College,college,r/college
8BL6X7AX,1,soccer,soccer,r/soccer
8BL6X7AX,2,skiing,skiing,r/skiing
8BL6X7AX,3,hiking,hiking,r/hiking
8BL6X7AX,4,school,school,r/school
8BL6X7AX,5,career,career,r/careerguidance
HCBTBYHS,1,art,art,r/art
HCBTBYHS,2,plant-based,plant-based diet,r/plantbaseddiet
HCBTBYHS,3,food,food,r/food
HCBTBYHS,4,Spanish language,Spanish language,r/Spanish
HCBTBYHS,5,humor,humor,r/funny
HCBTBYHS,6,queer,queer,r/lgbt
HCBTBYHS,7,nature,nature,r/nature
HCBTBYHS,8,reviews,reviews,r/reviews
GNLFFB4P,1,travel,travel,r/travel
GNLFFB4P,2,sports,sports,r/sports
GNLFFB4P,3,food,food,r/food
GNLFFB4P,4,recipes,recipes,r/recipes
YP5UHRSA,1,opinion,opinion,r/unpopularopinion;r/TrueReddit
YP5UHRSA,2,advice,advice,r/Advice;r/NoStupidQuestions
YP5UHRSA,3,product comparisons,product comparisons,r/BuyItForLife;r/buildapc
YP5UHRSA,4,greater worldview,global perspectives,r/worldnews;r/geopolitics
ZYQ1C8LT,1,finance,finance,r/finance
ZYQ1C8LT,2,money,personal finance,r/personalfinance
ZYQ1C8LT,3,investing,investing,r/investing
JIMIPV7S,1,outdoors,outdoors,r/outdoors
JIMIPV7S,2,movies and shows I like,movies and TV shows,r/movies;r/television
JIMIPV7S,3,history,history,r/history
JIMIPV7S,4,educational content,education,r/education
JIMIPV7S,5,memes,memes,r/memes
JIMIPV7S,6,brainrot,viral content,r/196;r/memes
JIMIPV7S,7,music,music,r/music
EA8GWQDV,1,running,running,r/running
EA8GWQDV,2,injury prevention,injury prevention,r/running;r/fitness
EA8GWQDV,3,health benefits,health benefits,r/health;r/fitness
EA8GWQDV,4,community,community,r/casualconversation
A5YUTA1F,1,news,news,r/news
A5YUTA1F,2,technology,technology,r/technology
A5YUTA1F,3,memes,memes,r/memes
A5YUTA1F,4,gaming,gaming,r/gaming
A5YUTA1F,5,furries,furry fandom,r/furry
A5YUTA1F,6,fails,fails,r/fail
A5YUTA1F,7,politics,politics,r/politics
A5YUTA1F,8,funny,humor,r/funny
A5YUTA1F,9,art,art,r/art
A5YUTA1F,10,erotica,erotica,r/erotica
A5YUTA1F,11,opinions,opinions,r/unpopularopinion
A5YUTA1F,12,guidance/help,help and guidance,r/Advice
A5YUTA1F,13,hot takes,hot takes,r/TrueUnpopularOpinion
A5YUTA1F,14,controversy,controversial topics,r/changemyview
A5YUTA1F,15,environment,environment,r/environment
A5YUTA1F,16,perspectives,perspectives,r/changemyview
VNHTSXTP,1,jokes,jokes,r/Jokes
VNHTSXTP,2,humor,humor,r/funny
VNHTSXTP,3,stories,stories,r/stories
VNHTSXTP,4,fantasy,fantasy,r/Fantasy
VNHTSXTP,5,drama,drama,r/drama
VNHTSXTP,6,absurd,absurd humor,r/absurdism
VNHTSXTP,7,advice,advice,r/Advice
VNHTSXTP,8,video games,video games,r/gaming
VNHTSXTP,9,stand up,stand-up comedy,r/standupcomedy
VNHTSXTP,10,poetry,poetry,r/poetry
XI93MR3J,1,philosophy,philosophy,r/philosophy
XI93MR3J,2,politics,politics,r/politics
XI93MR3J,3,art,art,r/art
XI93MR3J,4,music,music,r/music
XI93MR3J,5,English books/reading,English literature,r/books
XI93MR3J,6,poems,poetry,r/poetry
XI93MR3J,7,the process of the creation of art,art creation process,r/ArtCrit
XI93MR3J,8,math,mathematics,r/math
XI93MR3J,9,science and interesting facts,science facts,r/science;r/todayilearned
XI93MR3J,10,history of math,history of mathematics,r/mathhistory
XI93MR3J,11,life advice,life advice,r/Advice
XI93MR3J,12,travel content,travel content,r/travel
XI93MR3J,13,study of languages,language learning,r/languagelearning
XI93MR3J,14,inspirational stories,inspirational stories,r/GetMotivated
XI93MR3J,15,analysis of the news,news analysis,r/TrueReddit
XI93MR3J,16,analysis of movies/shows,media analysis,r/TrueFilm
XI93MR3J,17,travel,travel,r/travel
XI93MR3J,18,new countries,new countries,r/geography
XI93MR3J,19,feminist content,feminist content,r/Feminism
XI93MR3J,20,feminism,feminism,r/Feminism
XI93MR3J,21,patriarchy,patriarchy discussions,r/Feminism
IRFHWRXF,1,reading,reading,r/books
IRFHWRXF,2,writing,writing,r/writing
IRFHWRXF,3,singing,singing,r/singing
IRFHWRXF,4,theater,theater,r/Theatre
IRFHWRXF,5,travel,travel,r/travel
IRFHWRXF,6,hikes,hiking,r/hiking
IRFHWRXF,7,college,college,r/college
IRFHWRXF,8,relationship goals,relationships,r/relationships
IRFHWRXF,9,relationship advice and tips,relationship advice,r/relationship_advice
IRFHWRXF,10,crochet patterns,crochet,r/crochet
IRFHWRXF,11,outfit inspiration,fashion inspiration,r/femalefashionadvice
IRFHWRXF,12,cooking,cooking,r/cooking
IRFHWRXF,13,baking,baking,r/Baking
IRFHWRXF,14,food,food,r/food
IRFHWRXF,15,relatable content,relatable content,r/meirl
IRFHWRXF,16,mental health content,mental health,r/mentalhealth
KMXD4OZC,1,chinese,Chinese language,r/ChineseLanguage
KMXD4OZC,2,books,books,r/books
KMXD4OZC,3,literature,literature,r/literature
KMXD4OZC,4,book reviews,book reviews,r/books
KMXD4OZC,5,literary analysis,literary analysis,r/literature
KMXD4OZC,6,spanish,Spanish language,r/Spanish
KMXD4OZC,7,latino authors,Latino literature,r/latinlit
KMXD4OZC,8,feminsm,feminism,r/Feminism
8PAKX1OM,1,funny,humor,r/funny
8PAKX1OM,2,informational,informational,r/todayilearned
8PAKX1OM,3,mental health related,mental health,r/mentalhealth
9KZ4Q91O,1,relationships,relationships,r/relationships
9KZ4Q91O,2,love,love,r/love
9KZ4Q91O,3,gender dynamics,gender dynamics,r/socialscience
9KZ4Q91O,4,breakups,breakups,r/BreakUps
9KZ4Q91O,5,psychoanalysis,psychoanalysis,r/psychoanalysis
9KZ4Q91O,6,jung,Jungian psychology,r/Jung
9KZ4Q91O,7,poetry,poetry,r/poetry
9KZ4Q91O,8,quotes,quotes,r/quotes
9KZ4Q91O,9,dreams,dreams,r/dreams
9KZ4Q91O,10,lucid dreaming,lucid dreaming,r/LucidDreaming
9KZ4Q91O,11,metaphysics,metaphysics,r/metaphysics
9KZ4Q91O,12,psychology,psychology,r/psychology
9KZ4Q91O,13,biology,biology,r/biology
9KZ4Q91O,14,ecology,ecology,r/ecology
9KZ4Q91O,15,academic,academia,r/academia
9KZ4Q91O,16,writing,writing,r/writing
XV9JV4CP,1,entertainment,entertainment,r/entertainment
OEQ7A3BW,1,Pop Culture,pop culture,r/popculture
OEQ7A3BW,2,Intellectual conversation,intellectual discussion,r/TrueReddit
OEQ7A3BW,3,World news,world news,r/worldnews
OEQ7A3BW,4,Hot takes,hot takes,r/unpopularopinion
LJSMGNV0,1,news,news,r/news
LJSMGNV0,2,current events,current events,r/worldnews
LJSMGNV0,3,literary fiction,literary fiction,r/books
LJSMGNV0,4,stories,stories,r/stories
NZ8ZTZHG,1,For information,information,r/todayilearned
NZ8ZTZHG,2,articles,articles,r/TrueReddit
NZ8ZTZHG,3,books,books,r/books
NZ8ZTZHG,4,memes,memes,r/memes
NZ8ZTZHG,5,subtitles,subtitles,r/movies
NZ8ZTZHG,6,school work,schoolwork,r/HomeworkHelp
NZ8ZTZHG,7,music,music,r/music
NZ8ZTZHG,8,gaming,gaming,r/gaming
NZ8ZTZHG,9,cinematography,cinematography,r/cinematography
AJVNZ9CE,1,news,news,r/news
AJVNZ9CE,2,pop culture,pop culture,r/popculture
AJVNZ9CE,3,opinion pieces,opinion pieces,r/TrueReddit
AJVNZ9CE,4,art,art,r/art
AJVNZ9CE,5,travel,travel,r/travel
AJVNZ9CE,6,technology,technology,r/technology
AJVNZ9CE,7,advice,advice,r/Advice
AJVNZ9CE,8,humor,humor,r/funny
PLW1S0CA,1,fiction,fiction,r/books
PLW1S0CA,2,fantasy,fantasy,r/Fantasy
PLW1S0CA,3,history,history,r/history
PLW1S0CA,4,fanfiction,fanfiction,r/FanFiction
PLW1S0CA,5,soccer,soccer,r/soccer
PLW1S0CA,6,Minecraft,Minecraft,r/Minecraft
PLW1S0CA,7,D&D,Dungeons and Dragons,r/DnD
PLW1S0CA,8,feminist biology,feminist biology,r/Feminism
PLW1S0CA,9,Tumblr,Tumblr,r/tumblr
PLW1S0CA,10,a capella,a cappella,r/acapella
RLHDN7YZ,1,People's experiences,personal experiences,r/AskReddit
RLHDN7YZ,2,Interviews,interviews,r/IAmA
RLHDN7YZ,3,Things in the news,news,r/news
OX30M9NX,1,Humor,humor,r/funny
OX30M9NX,2,Relaxation,relaxation,r/CozyPlaces
OX30M9NX,3,Information,information,r/todayilearned
OX30M9NX,4,Familiarity,familiar content,r/meirl
OX30M9NX,5,Relatability,relatable content,r/meirl
OX30M9NX,6,Learning,learning,r/education
OX30M9NX,7,Discovery,discovery,r/interestingasfuck
OX30M9NX,8,Interests,interests,r/AskReddit
OX30M9NX,9,Curiositiy,curiosity,r/NoStupidQuestions
OX30M9NX,10,Self-rectification,self improvement,r/selfimprovement
OX30M9NX,11,Worldliness,world knowledge,r/worldnews
WU4Q5VLP,1,current events,current events,r/news
WU4Q5VLP,2,russian,Russian language,r/russian
WU4Q5VLP,3,german,German language,r/German
WU4Q5VLP,4,old languages,ancient languages,r/linguistics
6CDVQX7L,1,programming,programming,r/programming
6CDVQX7L,2,graphic design,graphic design,r/graphic_design
6CDVQX7L,3,formula one,Formula 1,r/formula1
6CDVQX7L,4,web design,web design,r/web_design
6CDVQX7L,5,art,art,r/art
6CDVQX7L,6,photography,photography,r/photography
6CDVQX7L,7,games,games,r/gaming
6CDVQX7L,8,gaming,gaming,r/gaming
QGT05169,1,vocabulary,vocabulary,r/words
QGT05169,2,culture,culture,r/culture
QGT05169,3,slags in the language,slang in language,r/linguistics
1KEVYYJ9,1,general commentary on online trends,online trends,r/OutOfTheLoop
1KEVYYJ9,2,videogames,video games,r/gaming
1KEVYYJ9,3,music,music,r/music
1KEVYYJ9,4,tv shows,TV shows,r/television
1KEVYYJ9,5,anime,anime,r/anime
1KEVYYJ9,6,online thrifting,online thrifting,r/ThriftStoreHauls
18HXK612,1,books,books,r/books
18HXK612,2,gaming,gaming,r/gaming
18HXK612,3,xbox,Xbox,r/xbox
18HXK612,4,tv,TV,r/television
18HXK612,5,movies,movies,r/movies
18HXK612,6,fantasy books,fantasy books,r/Fantasy
18HXK612,7,stories,stories,r/stories
18HXK612,8,art,art,r/art
18HXK612,9,group gaming content,group gaming,r/gaming
18HXK612,10,news,news,r/news
BF3MN8ZR,1,information,information,r/todayilearned
BF3MN8ZR,2,guidance,guidance,r/Advice
BF3MN8ZR,3,community,community,r/casualconversation
BF3MN8ZR,4,learning,learning,r/education
SENRROOG,1,Eurovision,Eurovision,r/eurovision
SENRROOG,2,politics,politics,r/politics
SENRROOG,3,movies,movies,r/movies
SENRROOG,4,oscars,Oscars,r/oscars
SENRROOG,5,award shows,award shows,r/television
SENRROOG,6,food,food,r/food
SENRROOG,7,gaming,gaming,r/gaming
SENRROOG,8,comedy,comedy,r/comedy
SENRROOG,9,board games,board games,r/boardgames
SENRROOG,10,media commentary,media commentary,r/TrueReddit
SENRROOG,11,pop culture,pop culture,r/popculture
SENRROOG,12,geography,geography,r/geography
SENRROOG,13,local news (boston or quincy ma),Boston local news,r/boston