subject,subreddit_responses,tag
LN8REBYY,foodiesnark,1
LN8REBYY,nycinfluencersnark,2
LN8REBYY,fundiesnarkuncensored,3
LN8REBYY,cozyspaces,4
LN8REBYY,journaling,5
LN8REBYY,all,6
LN8REBYY,mildlyinteresting,7
LN8REBYY,blogsnark,8
LN8REBYY,whatisit,9
LN8REBYY,popculturechat,10
LN8REBYY,twoxchromosomes,11
LN8REBYY,interesting,12
6D26ZXC8,r/Asexual,1
6D26ZXC8,r/LGBT,2
6D26ZXC8,r/SapphoAndHerFriend,3
6D26ZXC8,r/AreTheStraightsOk,4
6D26ZXC8,r/cuteanimals,5
KZ9S5MPC,mtg,1
KZ9S5MPC,edh,2
KZ9S5MPC,books,3
KZ9S5MPC,funny,4
KZ9S5MPC,lego,5
KZ9S5MPC,suggestmeabook,6
KZ9S5MPC,fauxmoi,7
KZ9S5MPC,whitepeopletwitter,8
KZ9S5MPC,politics,9
KZ9S5MPC,whatisit,10
KZ9S5MPC,law,11
KZ9S5MPC,askreddit,12
KZ9S5MPC,explainthejoke,13
KZ9S5MPC,nostupidquestions,14
KZ9S5MPC,unexpected,15
KZ9S5MPC,news,16
37UDZTHY,r/Stocks_Picks,1
37UDZTHY,r/valueinvesting,2
37UDZTHY,r/smallstreetbets,3
37UDZTHY,r/RobinHood,4
FJYUEQN8,Clash Royale,1
FJYUEQN8,Am I the Asshole,2
FJYUEQN8,Crumbl Cookies,3
FJYUEQN8,History,4
FJYUEQN8,Jokes,5
FJYUEQN8,Animal Crossing,6
FJYUEQN8,Ask Reddit,7
FJYUEQN8,Ask Reddit After Dark,8
FJYUEQN8,SurfacesBand,9
FJYUEQN8,Clash Royale Decks,10
FJYUEQN8,Royale API,11
FJYUEQN8,Angry Birds 2,12
FJYUEQN8,Applying to College,13
FJYUEQN8,Law School Admissions,14
FJYUEQN8,Catholicism,15
FJYUEQN8,College Results,16
FJYUEQN8,Does Anybody Else,17
FJYUEQN8,Engagement Rings,18
FJYUEQN8,Everybody Loves Raymond,19
FJYUEQN8,Dunder Mifflin,20
FJYUEQN8,Gravity Falls,21
FJYUEQN8,Mock Trial,22
FJYUEQN8,Model United Nations,23
FJYUEQN8,name nerds,24
FJYUEQN8,Off My Chest,25
FJYUEQN8,QuestBridge,26
FJYUEQN8,TrueOffMyChest,27
FJYUEQN8,South Park,28
FJYUEQN8,The Office,29
FJYUEQN8,The Paper,30
T6E9EPOZ,/gradadmissions,1
T6E9EPOZ,r/books,2
T6E9EPOZ,r/Screenwriting,3
T6E9EPOZ,r/literature,4
T6E9EPOZ,r/fantasy,5
ZHMH16C4,Maine,1
ZHMH16C4,Ask Maine,2
ZHMH16C4,dogs,3
ZHMH16C4,ME50501circled,4
ZHMH16C4,ME50501,5
ZHMH16C4,circled,6
ZHMH16C4,portlandme,7
ZHMH16C4,teachers,8
ZHMH16C4,Maine2,9
ZHMH16C4,sustainability,10
ZHMH16C4,CityofBathMaine,11
ZHMH16C4,Indianapolis,12
2BD455O0,r/celestegame,1
2BD455O0,r/CountWithEveryone,2
2BD455O0,r/countwithchickenlady,3
2BD455O0,r/lotr,4
2BD455O0,r/botw,5
2BD455O0,r/dataisbeautiful,6
2BD455O0,r/GaySoundsShitposts,7
2BD455O0,r/animememes,8
2BD455O0,r/AmITheAngel,9
2BD455O0,r/lotrmemes,10
2BD455O0,r/Scoobydoo,11
2BD455O0,r/legendofkorra,12
2BD455O0,r/TheDragonPrince,13
S87Q76NA,sentinels of the multiverse,1
S87Q76NA,nfl,2
S87Q76NA,AMA,3
IEOJ1IW3,r/HonkaiStarRail,1
IEOJ1IW3,r/Reverse1999,2
IEOJ1IW3,r/marvelrivals,3
IEOJ1IW3,r/japanese,4
O4NB1X6B,r/news,1
O4NB1X6B,r/funny,2
O4NB1X6B,r/books,3
O4NB1X6B,r/nostupidquestions,4
O4NB1X6B,r/livestreamfail,5
O4NB1X6B,r/movies,6
O4NB1X6B,r/politics,7
O4NB1X6B,r/todayilearned,8
O4NB1X6B,r/memes,9
O4NB1X6B,r/onepiece,10
O4NB1X6B,r/sipstea,11
O4NB1X6B,r/beamazed,12
O4NB1X6B,r/diy,13
O4NB1X6B,r/nba,14
O4NB1X6B,r/soccer,15
O4NB1X6B,r/badroomates,16
O4NB1X6B,r/wow,17
O4NB1X6B,r/youtube,18
64LRAXDJ,hermit crabs,1
64LRAXDJ,art,2
64LRAXDJ,mental health,3
64LRAXDJ,tattoo,4
DUBYYHYX,/ftm,1
DUBYYHYX,/topsurgery,2
DUBYYHYX,/AITA,3
DUBYYHYX,/decidingtobebetter,4
DUBYYHYX,/mildlyinteresting,5
DUBYYHYX,/frugal,6
0GMT2ITP,knitting,1
0GMT2ITP,quilting,2
0GMT2ITP,talktherapy,3
0GMT2ITP,therapists,4
0GMT2ITP,maine,5
0GMT2ITP,antiwork,6
0GMT2ITP,askreddit,7
0GMT2ITP,mildlyinfuriating,8
0GMT2ITP,taylorswift,9
0GMT2ITP,gaylorswift,10
0GMT2ITP,damnthatsinteresting,11
0GMT2ITP,millenials,12
0GMT2ITP,fauxmoi,13
0GMT2ITP,mildlyinteresting,14
0GMT2ITP,popculturechat,15
TPWBA9PZ,Medicine,1
TPWBA9PZ,Medicine,2
TPWBA9PZ,College applications,3
U7RW6MVC,nancy drew,1
U7RW6MVC,makeup,2
U7RW6MVC,cats,3
U7RW6MVC,journaling,4
U7RW6MVC,bisexual,5
U7RW6MVC,hair,6
U7RW6MVC,maine,7
56M8U5A5,vexillology,1
56M8U5A5,geography,2
56M8U5A5,icecoast,3
56M8U5A5,skiing,4
56M8U5A5,playboicarti,5
56M8U5A5,nonpoliticaltwitter,6
56M8U5A5,comedyheaven,7
56M8U5A5,baseball,8
56M8U5A5,baseballcirclejerk,9
56M8U5A5,genz,10
56M8U5A5,chatgpt,11
56M8U5A5,travel,12
56M8U5A5,hiphopheads,13
8JEQ20SU,read,1
K6LTYZJH,r/AITAH,1
K6LTYZJH,r/midlyinfuriating,2
K6LTYZJH,r/heatedrivalry,3
K6LTYZJH,r/bowdoin,4
K6LTYZJH,r/skincareaddiction,5
K6LTYZJH,r/mfdoon,6
K6LTYZJH,r/mfdoom,7
VNSY2V6A,r/vacation,1
VNSY2V6A,r/StockMarket,2
VNSY2V6A,r/dinner,3
XILQXDX5,apples,1
XILQXDX5,adulting,2
XILQXDX5,chemistry,3
XILQXDX5,askhistorians,4
XILQXDX5,chineselanguge,5
XILQXDX5,collegerant,6
XILQXDX5,drawing,7
XILQXDX5,decidingtobebetter,8
XILQXDX5,bpd,9
XILQXDX5,depressionmeals,10
XILQXDX5,learntodraw,11
XILQXDX5,neuroscience,12
XILQXDX5,newjersey,13
XILQXDX5,maine,14
XILQXDX5,pharmacology,15
XILQXDX5,rats,16
XILQXDX5,sleep,17
XILQXDX5,todayilearned,18
XILQXDX5,whatisthisbird,19
XILQXDX5,whatisthisbug,20
JEW0DH9D,college,1
JEW0DH9D,fatsquirrels,2
JEW0DH9D,reu,3
JEW0DH9D,piercing,4
JEW0DH9D,RoastMe,5
JEW0DH9D,crochet,6
JEW0DH9D,oddlysatisfying,7
6XD6NVVO,r/ChanceMeInternational,1
6XD6NVVO,r/Epicthemuscial,2
6XD6NVVO,r/ApplyingToCollege,3
6XD6NVVO,r/beatles,4
J8N7DCDH,books,1
J8N7DCDH,shows,2
J8N7DCDH,politics,3
J8N7DCDH,drama,4
73N2RQWR,reu,1
73N2RQWR,AITA,2
73N2RQWR,networking,3
73N2RQWR,cooking,4
73N2RQWR,baking,5
73N2RQWR,bracelets,6
73N2RQWR,financialfreedom,7
73N2RQWR,50/50,8
73N2RQWR,explain like im 5,9
73N2RQWR,biochemistry,10
73N2RQWR,buyitforlife,11
U2N1A8VX,How to get a job in clinical research,1
U2N1A8VX,Best interviewing practices,2
Q3MFUDV9,jujutsofolk,1
Q3MFUDV9,nfl,2
Q3MFUDV9,nba,3
Q3MFUDV9,eldenring,4
Q3MFUDV9,49ers,5
Q3MFUDV9,askhistorians,6
Q3MFUDV9,gaming,7
Q3MFUDV9,starwars,8
Q3MFUDV9,crazyfuckingvideos,9
Q3MFUDV9,asoif,10
Q3MFUDV9,credibledefense,11
Q3MFUDV9,todayilearned,12
Q3MFUDV9,fantasyfootball,13
HCBTBYHS,r/vegan,1
HCBTBYHS,r/gradschool,2
HCBTBYHS,r/netflix,3
HCBTBYHS,r/miniartprints,4
8BL6X7AX,crazy personal stories mainly,1
8BL6X7AX,weird stories,2
8BL6X7AX,threads about college and acceptences,3
YVQX6LL1,Professors,1
YVQX6LL1,Sims4,2
YVQX6LL1,Lawschooladmissions,3
YVQX6LL1,SpanishLearning,4
YVQX6LL1,mildlyinteresting,5
YVQX6LL1,LawSchool,6
YVQX6LL1,studytips,7
YVQX6LL1,CollegeRant,8
YVQX6LL1,Fauxmoi,9
YVQX6LL1,popculturechat,10
YVQX6LL1,beauty,11
YVQX6LL1,LSAT,12
YVQX6LL1,Handwriting,13
YVQX6LL1,redscarepod,14
YVQX6LL1,Spanish,15
YVQX6LL1,Applyingtocollege,16
YVQX6LL1,college,17
YVQX6LL1,Getstudying,18
AWO2EA8Q,emergencymedicine,1
AWO2EA8Q,bowdoin,2
AWO2EA8Q,emergencyroom,3
AWO2EA8Q,thepitttvshow,4
AWO2EA8Q,medical,5
AWO2EA8Q,medschool,6
AWO2EA8Q,premed,7
AWO2EA8Q,residency,8
AWO2EA8Q,thepitt,9
AWO2EA8Q,uppereastside,10
AWO2EA8Q,nyc,11
AWO2EA8Q,greysanatomy,12
XAA8CS8F,deloitte,1
XAA8CS8F,running injury,2
XAA8CS8F,femoral neck stress reaction,3
GNLFFB4P,r/uswnt,1
GNLFFB4P,r/nashville,2
GNLFFB4P,r/savannah,3
GNLFFB4P,r/tennesseetitans,4
GNLFFB4P,r/noahkahan,5
GNLFFB4P,r/thewire,6
U4TQC9J3,none,1
NXGNLGFN,baseball,1
NXGNLGFN,redsox,2
NXGNLGFN,patriots,3
NXGNLGFN,nfl,4
NXGNLGFN,hockey,5
NXGNLGFN,BostonBruins,6
NXGNLGFN,bostonceltics,7
NXGNLGFN,boxoffice,8
NXGNLGFN,flights,9
NXGNLGFN,delta,10
NXGNLGFN,duolingo,11
NXGNLGFN,strangerthings,12
W6Z3Y3K6,interesting,1
W6Z3Y3K6,knitting,2
W6Z3Y3K6,crochet,3
W6Z3Y3K6,crochetpatterns,4
W6Z3Y3K6,NoStupidQuestions,5
W6Z3Y3K6,fednews,6
W6Z3Y3K6,mildlyinfuriating,7
W6Z3Y3K6,funnyvideos,8
NHCBLFL1,r/AITA,1
NHCBLFL1,r/AITA,2
NHCBLFL1,r/unexpected,3
NHCBLFL1,r/cute,4
NHCBLFL1,r/all,5
NHCBLFL1,r/popular,6
NHCBLFL1,r/maybemaybemaybe,7
NHCBLFL1,r/askreddit,8
NHCBLFL1,r/mildlyinfuriating,9
NHCBLFL1,r/backyardchickens,10
NHCBLFL1,r/aww,11
NHCBLFL1,r/wholesome,12
9O2ABUMY,r/,1
9O2ABUMY,R/ Personal Finance,2
9O2ABUMY,R/ Jobs,3
9O2ABUMY,R/ Superstore,4
XJF7RLTQ,"relationships, mental health, medications",1
XJF7RLTQ,hard conversations,2
XJF7RLTQ,self help,3
XJF7RLTQ,personal expierences,4
XJF7RLTQ,family,5
CI6QQA2Y,how to in r,1
CI6QQA2Y,advice,2
CI6QQA2Y,fixing things,3
CI6QQA2Y,current event drama,4
CI6QQA2Y,general how to,5
5K82MZW1,knitting,1
5K82MZW1,tressless,2
5K82MZW1,asianbeauty,3
5K82MZW1,travisandtaylor,4
0PRAW6DO,gradadmissions,1
LUKGQM9Q,video games,1
YP5UHRSA,askreddit,1
YMQ1DC06,jobs,1
YMQ1DC06,todayilearned,2
YMQ1DC06,unexpected,3
YMQ1DC06,true crime,4
YMQ1DC06,shower thoughts,5
YMQ1DC06,facepalm,6
YMQ1DC06,career questions,7
YMQ1DC06,listen to this,8
YMQ1DC06,advice,9
YMQ1DC06,ask historians,10
YMQ1DC06,dreams,11
YMQ1DC06,worldnews,12
YMQ1DC06,news,13
YMQ1DC06,reddit serials,14
YMQ1DC06,read,15
0QPSDFM3,surfing,1
0QPSDFM3,swim,2
0QPSDFM3,ncaa,3
0QPSDFM3,ramadan,4
0QPSDFM3,fasting,5
0QPSDFM3,iron deficiency,6
0QPSDFM3,anemia,7
ZYQ1C8LT,finance,1
ZYQ1C8LT,bogglehead,2
ZYQ1C8LT,amItheasshole,3
YQ5FHGIU,tea,1
YQ5FHGIU,Vietnam,2
YQ5FHGIU,ChinaNews,3
YQ5FHGIU,AITA,4
EA8GWQDV,r/running,1
EA8GWQDV,r/beginnerrunning,2
EA8GWQDV,r/xxrunning,3
JIMIPV7S,r/beatles,1
JIMIPV7S,r/beatlescirclejerk,2
JIMIPV7S,r/jetlagthegame,3
JIMIPV7S,r/andor,4
JIMIPV7S,r/teenagers,5
JIMIPV7S,r/bluegrass,6
JIMIPV7S,r/cosmere,7
JIMIPV7S,r/cremposting,8
JIMIPV7S,r/alignmentchartfills,9
A5YUTA1F,marvelrivals,1
A5YUTA1F,warframe,2
A5YUTA1F,pcmasterrace,3
A5YUTA1F,losercity,4
A5YUTA1F,cursedcomments,5
A5YUTA1F,idiotsincars,6
A5YUTA1F,mildlyinfuriating,7
A5YUTA1F,murderedbywords,8
A5YUTA1F,madlads,9
A5YUTA1F,imaginarymaps,10
A5YUTA1F,holup,11
A5YUTA1F,historymemes,12
A5YUTA1F,memes,13
A5YUTA1F,dankmemes,14
A5YUTA1F,furry_irl,15
A5YUTA1F,democrats,16
A5YUTA1F,awfuleverything,17
A5YUTA1F,crappydesign,18
A5YUTA1F,amogus,19
A5YUTA1F,instantkarma,20
A5YUTA1F,news,21
A5YUTA1F,pics,22
XI93MR3J,r/philosophy,1
XI93MR3J,r/advice,2
XI93MR3J,r/biotech,3
XI93MR3J,r/cats,4
XI93MR3J,r/criticaltheory,5
XI93MR3J,r/confession,6
XI93MR3J,r/femfraglab,7
XI93MR3J,r/PhD,8
XI93MR3J,r/technews,9
XI93MR3J,r/science,10
XI93MR3J,r/worldnews,11
XI93MR3J,r/whatisit,12
XI93MR3J,r/semiconductors,13
XI93MR3J,r/cabinetry,14
XI93MR3J,r/MDPhD,15
KMXD4OZC,relationship advice,1
KMXD4OZC,am i the asshole,2
KMXD4OZC,productivity,3
KMXD4OZC,ask reddit,4
KMXD4OZC,progressive isla,5
KMXD4OZC,get studying,6
KMXD4OZC,social skills,7
KMXD4OZC,volume eating,8
KMXD4OZC,lose it,9
KMXD4OZC,paraprofessional,10
KMXD4OZC,no stupid questions,11
KMXD4OZC,peter explains the joke,12
KMXD4OZC,solo travel,13
KMXD4OZC,how is it living there,14
KMXD4OZC,buddhism,15
KMXD4OZC,frugal,16
KMXD4OZC,female travelers,17
KMXD4OZC,mexico,18
KMXD4OZC,ask latin america,19
KMXD4OZC,language hub,20
KMXD4OZC,sufism,21
KMXD4OZC,tarot readings,22
KMXD4OZC,hygiene,23
KMXD4OZC,self improvement,24
KMXD4OZC,tarot,25
KMXD4OZC,life long learning,26
VNHTSXTP,AITA,1
VNHTSXTP,askreddit,2
VNHTSXTP,dndmemes,3
VNHTSXTP,rpghorrorstories,4
IRFHWRXF,bowdoin,1
IRFHWRXF,books,2
IRFHWRXF,college,3
IRFHWRXF,romance,4
IRFHWRXF,relationship advice,5
IRFHWRXF,emotions,6
IRFHWRXF,writing advice,7
IRFHWRXF,where to find crochet patterns,8
LJSMGNV0,NoStupidQuestions,1
LJSMGNV0,AITA,2
LJSMGNV0,r/omaha,3
LJSMGNV0,r/maine,4
LJSMGNV0,r/nosleep,5
NZ8ZTZHG,Science Memes,1
NZ8ZTZHG,baking recipes,2
NZ8ZTZHG,r/fantasy,3
NZ8ZTZHG,science memes,4
NZ8ZTZHG,Casual conversations,5
NZ8ZTZHG,world tigger,6
8PAKX1OM,writing posts,1
8PAKX1OM,didn't mean writing posts. x that people,2
8PAKX1OM,reading posts,3
RS0Z27EB,simpleliving,1
RS0Z27EB,trailrunning,2
RS0Z27EB,gradadmissions,3
RS0Z27EB,beauty,4
Y0GQPG0K,gamingleaksandrumours,1
Y0GQPG0K,minecraft,2
Y0GQPG0K,ps5,3
Y0GQPG0K,ps5,4
Y0GQPG0K,gaming,5
Y0GQPG0K,amitheasshole,6
Y0GQPG0K,mildlyinteresting,7
Y0GQPG0K,whatisthisthing,8
Y0GQPG0K,news,9
Y0GQPG0K,politics,10
Y0GQPG0K,fountainpens,11
OEQ7A3BW,Grad school applications,1
OEQ7A3BW,Reality tv,2
20ISZCV2,portlandme,1
20ISZCV2,funny,2
20ISZCV2,aww,3
20ISZCV2,bowdoin,4
20ISZCV2,mildlyinteresting,5
20ISZCV2,maine,6
9KZ4Q91O,relationships,1
9KZ4Q91O,aitah,2
9KZ4Q91O,bioinformatics,3
9KZ4Q91O,thegirlsurvivalguide,4
9KZ4Q91O,women,5
9KZ4Q91O,askacademia,6
N9V0QKO1,r/acne,1
N9V0QKO1,r/citalopram,2
N9V0QKO1,r/spironolactone,3
N9V0QKO1,r/aita,4
8ZC5BFHF,Reading Posts,1
8ZC5BFHF,Reading Comments,2
476LZI3N,r/ApplyingToCollege,1
AJVNZ9CE,brokecollegestudents,1
AJVNZ9CE,stonerhacks,2
AJVNZ9CE,abraodtips,3
PBNU471N,r/creditcards,1
PBNU471N,r/personalfinance,2
PBNU471N,r/Barca,3
PBNU471N,r/MCAT,4
PBNU471N,r/Forex,5
PBNU471N,r/Questbridge,6
PBNU471N,r/startups,7
PBNU471N,r/college,8
PBNU471N,r/premed,9
RLHDN7YZ,Knitting,1
RLHDN7YZ,Bowdoin,2
RLHDN7YZ,College,3
RLHDN7YZ,The Pitt,4
XV9JV4CP,r/advice,1
XV9JV4CP,r/aita,2
XV9JV4CP,r/college,3
PLW1S0CA,r/piracy,1
PLW1S0CA,r/MCFC,2
PLW1S0CA,r/FigureSkating,3
WU4Q5VLP,interestingasfuck,1
WU4Q5VLP,nextfuckinglevel,2
WU4Q5VLP,target,3
WU4Q5VLP,instagram,4
WU4Q5VLP,destinythegame,5
WU4Q5VLP,mademesmile,6
WU4Q5VLP,kidsarefuckingstupid,7
WU4Q5VLP,todayilearned,8
WU4Q5VLP,AITA,9
WU4Q5VLP,mildlyinteresting,10
WU4Q5VLP,sipstea,11
WU4Q5VLP,askmen,12
WU4Q5VLP,askwomen,13
WU4Q5VLP,unexpected,14
WU4Q5VLP,okbuddycinephile,15
OX30M9NX,NonCredibleDefense,1
OX30M9NX,comics,2
OX30M9NX,funny,3
OX30M9NX,popular,4
OX30M9NX,silksong,5
OX30M9NX,hollowknight,6
OX30M9NX,eldenring,7
OX30M9NX,nottheonion,8
6CDVQX7L,ux/ui,1
6CDVQX7L,Design,2
6CDVQX7L,java,3
6CDVQX7L,ffxiv,4
6CDVQX7L,bowdoin,5
6CDVQX7L,f1,6
6CDVQX7L,tickets,7
QGT05169,r/funny,1
QGT05169,r/TodayIlearned,2
QGT05169,r/news,3
QGT05169,r/AskReddit,4
SENRROOG,eurovision,1
SENRROOG,askreddit,2
SENRROOG,notinteresting,3
SENRROOG,mildlyinteresting,4
SENRROOG,alignmentchartfills,5
SENRROOG,popculturechat,6
SENRROOG,interestingasfuck,7
SENRROOG,explainitpeter,8
SENRROOG,woahdude,9
SENRROOG,interesting,10
SENRROOG,smosh,11
SENRROOG,sipstea,12
SENRROOG,oscars,13
SENRROOG,okbuddycinephile,14
SENRROOG,perfectlycutscreams,15
SENRROOG,popheadscirclejerk,16
SENRROOG,maybemaybemaybe,17
SENRROOG,whatisit,18
SENRROOG,oddlysatisfying,19
SENRROOG,thatsinsane,20
SENRROOG,whatsyourchoice,21
SENRROOG,oscarracecirclejerk,22
SENRROOG,movies,23
SENRROOG,truefilm,24
SENRROOG,boxoffice,25
SENRROOG,moviecritic,26
SENRROOG,boston,27
SENRROOG,maine,28
SENRROOG,quincyma,29
BF3MN8ZR,r/FinancialCareers,1
BF3MN8ZR,r/TrueFilm,2
BF3MN8ZR,r/quant,3
1KEVYYJ9,r/persona3reload,1
1KEVYYJ9,r/AITA,2
1KEVYYJ9,r/Overwatch2,3
1KEVYYJ9,r/Depop,4
86EKSDZC,r/magicthecirclejerking,1
86EKSDZC,r/bloodontheclocktower,2
0MGC7F4K,r/ELI5,1
0MGC7F4K,r/ClashRoyale,2
0MGC7F4K,r/AnarchyChess,3
0MGC7F4K,r/mildlyinfuriating,4
0MGC7F4K,r/news,5
0MGC7F4K,r/politics,6
0MGC7F4K,r/conservative,7
0MGC7F4K,r/Silksong,8
0MGC7F4K,r/showerorange,9
18HXK612,aitah,1
18HXK612,awww,2
18HXK612,gaming,3
18HXK612,videogames,4
18HXK612,askreddit,5
18HXK612,fantasy,6
18HXK612,books,7
18HXK612,ebookdeals,8
18HXK612,mildlyinfuriating,9
18HXK612,damnthatsinteresting,10
18HXK612,maliciouscompliance,11
18HXK612,comics,12
18HXK612,todayilearned,13
18HXK612,pics,14
18HXK612,BORUpdate,15
18HXK612,fixedbytheduet,16
18HXK612,beamazed,17
18HXK612,atbge,18
18HXK612,funny,19
BWQ1ZSYD,r/lawschooladmissions,1
BWQ1ZSYD,r/learndeveloping,2
BWQ1ZSYD,r/LSAT,3
BWQ1ZSYD,r/Gossipgirl,4
BWQ1ZSYD,r/evangelion,5
BWQ1ZSYD,r/loveisland,6
BWQ1ZSYD,r/chineselanguage,7
BWQ1ZSYD,r/longdistancerelationships,8
H6D2C4VR,r/math,1
H6D2C4VR,r/hololive,2
H6D2C4VR,r/umamusume,3
MCYP84X4,r/bowdoin,1
MCYP84X4,r/Maine,2
MCYP84X4,r/NoahKahan,3
MCYP84X4,r/Twins,4
MCYP84X4,r/SeveranceAppleTVPlus,5
MCYP84X4,r/SkiRacing,6
97N7CQ49,r/languagelearning,1
97N7CQ49,r/thanksihateit,2
97N7CQ49,r/camphalfblood,3
97N7CQ49,r/voiceacting,4
97N7CQ49,r/nostupidquestions,5
97N7CQ49,r/askreddit,6
97N7CQ49,r/pettyrevenge,7
97N7CQ49,r/politics,8
97N7CQ49,r/kidsarefuckingstupid,9
97N7CQ49,r/mademesmile,10
00K73X1D,fauxmoi,1
00K73X1D,popculturechat,2
00K73X1D,television,3
00K73X1D,indieheads,4
00K73X1D,popheads,5
00K73X1D,boston,6
00K73X1D,lainfluencersnark,7
00K73X1D,trueoffmychest,8
FYE2JV3H,Applying To College,1
FYE2JV3H,Am I the Asshole,2
FYE2JV3H,Depop,3
FYE2JV3H,Am I Overreacting,4
FYE2JV3H,LongDistance,5
FYE2JV3H,Confession,6
FYE2JV3H,BaldursGate3,7
FYE2JV3H,Memes,8
FYE2JV3H,What is it,9
PLC36LSR,r/whatisthisbird,1
PLC36LSR,r/funnyanimals,2
PLC36LSR,r/birding,3
PLC36LSR,r/skincareaddiction,4
PLC36LSR,r/boston,5
PLC36LSR,r/mildlybaddrivers,6
PLC36LSR,r/marriage,7
PLC36LSR,r/30plusskincare,8
PLC36LSR,r/AITA,9
7SUXPU9Y,chemistry,1
7SUXPU9Y,textbooks,2
7SUXPU9Y,AITA,3
7SUXPU9Y,sweetrevenge,4
7SUXPU9Y,physics,5
7SUXPU9Y,advice,6
7SUXPU9Y,macbook,7
7SUXPU9Y,science,8
7SUXPU9Y,recipes,9
7SUXPU9Y,motherhood,10
7SUXPU9Y,ghost,11
7SUXPU9Y,paranormal,12
7SUXPU9Y,headphones,13
7SUXPU9Y,nintendo,14
7SUXPU9Y,car,15
G8B6AJJV,r/onepelotonrealsub,1
G8B6AJJV,r/bravorealhousewives,2
G8B6AJJV,r/portlandme,3
G8B6AJJV,r/maine,4
G8B6AJJV,r/philadelphia,5
G8B6AJJV,r/industryonhbo,6
G8B6AJJV,r/carbuying,7
G8B6AJJV,r/running,8
G8B6AJJV,r/legaladvice,9
G8B6AJJV,r/bravo,10
G8B6AJJV,r/summerhousebravo,11
VJJ2VCIY,study,1
VJJ2VCIY,Where to watch,2
VJJ2VCIY,where to download,3
VJJ2VCIY,where to read...,4
VJJ2VCIY,Study resources,5
VJJ2VCIY,Is this country safe...,6
ZERL6DH6,r/asktheworld,1
ZERL6DH6,r/muslimlounge,2
ZERL6DH6,r/cats,3
ZERL6DH6,r/movies,4
ZERL6DH6,r/islamichistory,5
ZERL6DH6,r/supplements,6
ZERL6DH6,r/nyc,7
ZERL6DH6,r/askreddit,8
ZERL6DH6,r/rbi,9
ZERL6DH6,r/travel,10
ZERL6DH6,r/interiordesign,11
ZERL6DH6,r/interestingasfuck,12
ZERL6DH6,r/youshouldknow,13
ZERL6DH6,r/thegirlsurvivalguide,14
ZERL6DH6,r/french,15
ZERL6DH6,r/biohackers,16
ZERL6DH6,r/museum,17
UIBPJL1Q,r/neolibreal,1
UIBPJL1Q,r/poltiics,2
3YX63NZD,r/bipolar,1
3YX63NZD,r/aspbergers,2
3YX63NZD,r/portlandme,3
3YX63NZD,r/depression,4
IN92PH3J,pcmasterrace,1
IN92PH3J,dadjokes,2
IN92PH3J,askmen,3
IN92PH3J,humor,4
IN92PH3J,gaming,5
IN92PH3J,ihadastroke,6
IN92PH3J,darkjokes,7
IN92PH3J,skyrimmemes,8
OUSZQD8K,amIOverreacting,1
OUSZQD8K,isthisAI,2
OUSZQD8K,PokemongoIVs,3
OUSZQD8K,RunningXX,4
OUSZQD8K,Smosh,5
OUSZQD8K,Maine,6
UVAI5SO9,r/cancer,1
UVAI5SO9,r/oralcancer,2
40SNDKQR,r/traderjoes,1
40SNDKQR,r/mildlyinteresting,2
40SNDKQR,r/baking,3
40SNDKQR,r/squishmallow,4
40SNDKQR,r/PhotoshopRequest,5
40SNDKQR,r/FoodAllergies,6
40SNDKQR,r/tomodachilife,7
ESNMRF10,r/mawinstallation,1
ESNMRF10,r/navy,2
ESNMRF10,r/newtothenavy,3
ESNMRF10,r/okbuddyimatourist,4
ESNMRF10,r/starwarsempireatwar,5
ESNMRF10,r/thepitt,6
ESNMRF10,r/empiretotalwar,7
ESNMRF10,r/starwarsships,8
ESNMRF10,r/starwarsarmada,9
ESNMRF10,r/bombercrew,10
JDVDZARM,mortgage,1
JDVDZARM,Professors,2
JDVDZARM,PhD,3
JDVDZARM,AITA,4
JDVDZARM,survivor,5
JDVDZARM,Rainbowkittensurprise,6
6VBV95IL,trees,1
6VBV95IL,flashlights,2
6VBV95IL,ems,3
6VBV95IL,newtoems,4
6VBV95IL,wellthatsucks,5
6VBV95IL,chemhelp,6
6VBV95IL,ameteurradio,7
6VBV95IL,mildlyinteresting,8
6VBV95IL,emergencymedicine,9
6VBV95IL,nostupidquestions,10
6VBV95IL,answers,11
6VBV95IL,bowdoin,12
6VBV95IL,askreddit,13
6VBV95IL,askdocs,14
6VBV95IL,whatshouldido,15
6VBV95IL,alex,16
6VBV95IL,askcardiology,17
6VBV95IL,askscience,18
6VBV95IL,beamazed,19
6VBV95IL,bestof,20
6VBV95IL,cameras,21
6VBV95IL,camping,22
6VBV95IL,chesscom,23
6VBV95IL,crazyideas,24
6VBV95IL,dataisbeautiful,25
6VBV95IL,edc,26
6VBV95IL,icecoast,27
6VBV95IL,lifeprotips,28
4CA4DFWP,noSleep,1
4CA4DFWP,AITA,2
4CA4DFWP,mildlyinteresting,3
4CA4DFWP,amitheasshole,4
4CA4DFWP,whatisit,5
4CA4DFWP,mildlyinfuriating,6
4CA4DFWP,entitledpeople,7
4CA4DFWP,askreddit,8
YDKEN7JY,wwegames,1
YDKEN7JY,nba,2
YDKEN7JY,workout,3
YDKEN7JY,competitiveoverwatch,4
YDKEN7JY,lego,5
YDKEN7JY,legoleak,6
YDKEN7JY,njpq,7
YDKEN7JY,squaredcircle,8
YDKEN7JY,presidents,9
YDKEN7JY,stardomjoshi,10
YDKEN7JY,wredditschool,11
YDKEN7JY,dc_cinematic,12
YDKEN7JY,frugal,13
NRXHKYAS,r/rance,1
NRXHKYAS,r/Suisse,2
NRXHKYAS,r/careerguidance,3
NRXHKYAS,r/NintendoSwitch,4
S30LA614,r/syllo,1
S30LA614,r/cuti,2
S30LA614,r/eurail,3
S30LA614,r/tooafraidtoasl,4
B3MZX5TF,askreddit,1
HZP27937,r/lifehacks,1
HZP27937,r/nostupidquestions,2
HZP27937,r/netflix,3
HZP27937,r/fridaynightlights,4
HZP27937,r/colleenhooverr/changemymind,5
HZP27937,r/askanamerican,6
HZP27937,r/askreddit,7
HZP27937,r/askwomen,8
HZP27937,r/ask,9
HZP27937,r/mildlyinfuriating,10
HZP27937,r/oddlysatisfying,11
HZP27937,r/trucrime,12
HZP27937,r/todayilearned,13
HZP27937,r/unsolvedmysteries,14
HZP27937,r/youshouldknow,15
HZP27937,r/whitepeopleontwitter,16
HZP27937,r/unpopularopinions,17
HZP27937,r/retail,18
HZP27937,r/popculturechat,19
HZP27937,r/diy,20
HZP27937,r/fauxmoi,21
HZP27937,r/calculus,22
HZP27937,r/homewrokhelp,23
FDULT82W,Artbusiness,1
FDULT82W,artistslounge,2
FDULT82W,adhd,3
FDULT82W,adulting,4
FDULT82W,askreddit,5
6PJDUW9O,r/funny,1
6PJDUW9O,r/AskReddit,2
6PJDUW9O,r/Music,3
6PJDUW9O,r/worldnews,4
0L28O7LJ,paris,1
0L28O7LJ,travel,2
0L28O7LJ,sanfrancisco,3
0L28O7LJ,cannedsardines,4
0L28O7LJ,breakups,5
0L28O7LJ,aita,6
0L28O7LJ,paristravelguide,7
0L28O7LJ,costco,8
0L28O7LJ,cannedsardines,9
0L28O7LJ,askreddit,10
0L28O7LJ,sezane,11
0L28O7LJ,smallville,12
