corrected_subreddit,n,category
r/AskReddit,25,advice
r/AmItheAsshole,22,advice
r/NoStupidQuestions,13,advice
r/books,12,academic
r/Maine,11,geographic
r/mildlyinteresting,11,entertainment
r/college,10,academic
r/funny,10,entertainment
r/mildlyinfuriating,10,entertainment
r/news,9,news
r/ApplyingToCollege,8,academic
r/Bowdoin,8,academic
r/aww,8,entertainment
r/television,8,entertainment
r/todayilearned,8,learning
r/gaming,7,entertainment
r/memes,7,entertainment
r/politics,7,news
r/travel,7,geographic
r/whatisthisthing,7,advice
r/Advice,6,advice
r/popculturechat,6,entertainment
r/Fauxmoi,5,entertainment
r/GetStudying,5,academic
r/interestingasfuck,5,learning
r/personalfinance,5,learning
r/relationships,5,advice
r/running,5,athletic
r/AskDocs,4,advice
r/PortlandME,4,geographic
r/Unexpected,4,entertainment
r/all,4,general
r/gradadmissions,4,academic
r/knitting,4,creative
r/medicine,4,academic
r/movies,4,entertainment
r/worldnews,4,news
r/AITAH,3,advice
r/AskHistorians,3,learning
r/BeAmazed,3,entertainment
r/DIY,3,creative
r/Damnthatsinteresting,3,learning
r/Fantasy,3,creative
r/Frugal,3,advice
r/SipsTea,3,entertainment
r/TrueOffMyChest,3,advice
r/boston,3,geographic
r/cats,3,entertainment
r/crochet,3,creative
r/islam,3,religion
r/jobs,3,career
r/lawschooladmissions,3,academic
r/music,3,music
r/nba,3,athletic
r/nfl,3,athletic
r/nosleep,3,entertainment
r/nyc,3,geographic
r/oddlysatisfying,3,entertainment
r/solotravel,3,geographic
r/AmIOverreacting,2,advice
r/AskMen,2,advice
r/AskWomen,2,advice
r/BravoRealHousewives,2,entertainment
r/CannedSardines,2,food
r/ChineseLanguage,2,learning
r/ClashRoyale,2,entertainment
r/DecidingToBeBetter,2,advice
r/Depop,2,cosmetic
r/DunderMifflin,2,entertainment
r/Eldenring,2,entertainment
r/Journaling,2,creative
r/LSAT,2,academic
r/LifeProTips,2,advice
r/LongDistance,2,advice
r/ME50501,2,news
r/MFDOOM,2,entertainment
r/MadeMeSmile,2,entertainment
r/NoahKahan,2,entertainment
r/PS5,2,entertainment
r/PeterExplainsTheJoke,2,entertainment
r/PhD,2,academic
r/Professors,2,academic
r/QuestBridge,2,academic
r/REU,2,academic
r/ScienceMemes,2,entertainment
r/Silksong,2,entertainment
r/Spanish,2,learning
r/Teachers,2,advice
r/TheBeatles,2,entertainment
r/TrueCrime,2,entertainment
r/TrueFilm,2,entertainment
r/TwoXChromosomes,2,advice
r/WhitePeopleTwitter,2,entertainment
r/YouShouldKnow,2,advice
r/art,2,creative
r/baking,2,food
r/baseball,2,athletic
r/beauty,2,cosmetic
r/boxoffice,2,entertainment
r/cancer,2,advice
r/careerguidance,2,career
r/chemistry,2,learning
r/comics,2,entertainment
r/confession,2,advice
r/dataisbeautiful,2,academic
r/emergencymedicine,2,academic
r/ems,2,advice
r/explainlikeimfive,2,learning
r/icecoast,2,athletic
r/kidsarefuckingstupid,2,entertainment
r/languagelearning,2,learning
r/lego,2,creative
r/marvelrivals,2,entertainment
r/maybemaybemaybe,2,entertainment
r/netflix,2,entertainment
r/okbuddycinephile,2,entertainment
r/pcmasterrace,2,creative
r/pettyrevenge,2,advice
r/pics,2,creative
r/piracy,2,entertainment
r/popular,2,general
r/premed,2,career
r/relationship_advice,2,advice
r/science,2,academic
r/selfimprovement,2,advice
r/skiing,2,athletic
r/smosh,2,entertainment
r/starwars,2,entertainment
r/tarot,2,entertainment
r/thegirlsurvivalguide,2,advice
r/writing,2,creative
r/30PlusSkinCare,1,cosmetic
r/49ers,1,athletic
r/ADHD,1,advice
r/ATBGE,1,creative
r/Adulting,1,advice
r/AmITheAngel,1,advice
r/AnarchyChess,1,entertainment
r/AngryBirds2,1,entertainment
r/AnimalCrossing,1,entertainment
r/AreTheStraightsOk,1,entertainment
r/ArtBusiness,1,career
r/ArtificialIntelligence,1,learning
r/ArtistLounge,1,advice
r/AsianBeauty,1,cosmetic
r/AskAcademia,1,advice
r/AskAnAmerican,1,geographic
r/AskLatinAmerica,1,geographic
r/AskMaine,1,geographic
r/AskRedditAfterDark,1,advice